"","name","location","salary","require","time","company","companysituation","companyintro","tags"
"1","搜索算法-机器学习方向","上海·长宁区","30k-60k","经验3-5年/硕士","1天前发布","拼多多","电子商务,移动互联网/上市公司/2000人以上","“拼多多”","/电商/"
"2","机器学习工程师（校招）","北京·望京","15k-30k","经验应届毕业生/本科","2天前发布","数美","企业服务,数据服务/B轮/150-500人","“快速发展，七险一金、薪酬给力，大牛导师”","/深度学习/"
"3","机器学习系统工程师","深圳·宝安区","25k-50k","经验3-5年/本科","2019-03-15","vivo","移动互联网/未融资/2000人以上","“亿级用户，快速发展”","/C++/Java/Python/"
"4","机器学习研究员","北京·海淀区","35k-55k","经验3-5年/本科","1天前发布","联想集团","移动互联网,数据服务/上市公司/2000人以上","“国际化视野 良好的工作环境 完善福利”","/算法/推荐/深度学习/"
"5","机器学习算法工程师","厦门·思明区","20k-40k","经验不限/不限","1天前发布","瑞幸咖啡","移动互联网,O2O/B轮/2000人以上","“人才引进房”","/带薪年假/午餐补助/领导好/扁平管理/"
"6","机器学习算法工程师","杭州·滨江区","20k-38k","经验不限/硕士","12:07发布","R2.ai","人工智能/A轮/50-150人","“AI 美国公司”","/大数据/其他/人工智能/"
"7","机器学习算法工程师","北京·学院路","30k-50k","经验3-5年/硕士","1天前发布","慧安金科","人工智能,数据服务/A轮/50-150人","“六险一金 弹性工作 零食供应 免费早午餐”","/人工智能/建模/"
"8","测试开发工程师-计算机视觉/机器学习方向","上海·杨浦区","20k-40k","经验3-5年/本科","1天前发布","字节跳动","移动互联网,数据服务/C轮/2000人以上","“六险一金，弹性工作，带薪休假，休闲下午茶”","/扁平管理/弹性工作/大厨定制三餐/就近租房补贴/"
"9","机器学习平台工程师","北京·北京大学","25k-30k","经验3-5年/本科","11:16发布","Yeahmobi","移动互联网/上市公司/150-500人","“上市公司，扁平化管理，弹性工作，丰厚提成”","/大数据/Hadoop/Spark/Hive/Java/"
"10","算法工程师机器学习方向","广州·体育中心","10k-20k","经验3-5年/本科","2天前发布","通付盾","移动互联网,金融/不需要融资/50-150人","“五险一金，节假日福利”","/人工智能/深度学习/图像处理/"
"11","机器学习算法","北京·望京","15k-20k","经验3-5年/本科","1天前发布","秒音科技","移动互联网,金融/不需要融资/50-150人","“五险一金、年底奖金、节日福利、生日趴”","/""""/"
"12","算法工程师机器学习/NLP","北京·西北旺","20k-40k","经验3-5年/硕士","1天前发布","深圳德璞医疗健康管理有限公司","移动互联网,医疗健康/A轮/50-150人","“薪资水平高”","/人工智能/"
"13","机器学习算法工程师","北京·奥运村","40k-70k","经验3-5年/本科","1天前发布","智铀科技","数据服务/A轮/50-150人","“五险一金、团结丰富、周末双休、弹性工作”","/人工智能/数据挖掘/"
"14","机器学习/深度学习工程师","杭州·西溪","25k-50k","经验1-3年/硕士","2019-03-08","涂鸦智能","移动互联网,硬件/C轮/500-2000人","“氛围轻松,行业前景好,产品优秀,精英团队”","/算法/"
"15","机器学习","北京·朝阳区","20k-35k","经验1-3年/本科","11:36发布","闪银奇异","移动互联网,金融/D轮及以上/500-2000人","“全额公积金,自助午餐,高新技术,大牛领导”","/大数据/互联网金融/算法/数据挖掘/数据处理/"
"16","机器学习算法工程师","北京·知春路","25k-50k","经验3-5年/本科","2019-03-15","vivo","移动互联网/未融资/2000人以上","“扁平化，发展快，千万日活”","/人工智能/"
"17","机器学习","杭州·西溪","25k-50k","经验3-5年/大专","09:30发布","蜂融网络","移动互联网,金融/A轮/150-500人","“五险一金 双休 下午茶 每年体检”","/深度学习/推荐/算法/人工智能/"
"18","机器学习","深圳·龙岗区","20k-40k","经验3-5年/本科","09:22发布","深圳市艾唯尔科技有限公司","O2O,硬件/A轮/50-150人","“人工智能,发展空间大”","/人工智能/深度学习/算法/"
"19","机器学习专家","上海·浦东新区","30k-50k","经验5-10年/本科","1天前发布","招商银行信用卡中心","移动互联网,金融/上市公司/2000人以上","“五险一金,职位晋升,各类补贴”","/人工智能/深度学习/"
"20","机器学习","北京·西直门","15k-30k","经验1-3年/硕士","1天前发布","Udesk－企业级智能客服平台","移动互联网,企业服务/C轮/150-500人","“团队强悍,待遇丰厚,数据规模,场景明确”","/企业服务/搜索/NLP/算法/"
"21","机器学习（风控）","上海·塘桥","15k-30k","经验不限/硕士","2019-03-12","买单侠","移动互联网、金融/C轮/500-2000人","“扁平化,弹性制”","/美式企业文化/节日礼物/股票期权/岗位晋升/"
"22","机器学习/数据挖掘研发工程师","武汉·硚口区","15k-30k","经验3-5年/本科","10:46发布","Today今天连锁便利","生活服务/B轮/500-2000人","“新零售,平台大,技术氛围好,大牛多”","/算法/数据分析/"
"23","机器学习/深度学习工程师","杭州·西湖区","15k-30k","经验不限/硕士","1天前发布","百世物流","移动互联网,O2O/D轮及以上/2000人以上","“海量数据环境 成长空间大 弹性工作”","/建模/算法/数据挖掘/"
"24","机器学习/计算机视觉","武汉·东湖新技术开发区","15k-30k","经验3-5年/硕士","09:05发布","武汉心络科技有限公司","医疗健康数据服务/未融资/50-150人","“五险一金,免费午餐,期权股权,住房补贴”","/NLP/人工智能/"
"25","上海-机器学习/数据挖掘工程师","上海·漕宝路","30k-60k","经验5-10年/本科","1天前发布","腾讯","移动互联网,游戏/上市公司/2000人以上","“大平台”","/云计算/大数据/人工智能/建模/"
"26","机器学习/算法工程师","上海·杨浦区","25k-35k","经验3-5年/硕士","10:08发布","眸事网","移动互联网,企业服务/天使轮/150-500人","“人工智能 海量语料 亿级用户标签数据”","/大数据/Java/数据挖掘/"
"27","深度/机器学习","北京·中关村","25k-50k","经验不限/硕士","1天前发布","深睿医疗","移动互联网,医疗健康/B轮/150-500人","“大牛,人性化管理,靠谱团队,技术氛围好”","/医疗健康/深度学习/计算机视觉/算法/"
"28","机器学习","成都·高新区","10k-20k","经验1-3年/本科","2019-02-18","完美世界（成都）","移动互联网,游戏/上市公司/2000人以上","“福利 培训 个人成长”","/云计算/大数据/"
"29","算法工程师-机器学习方向","北京·海淀区","20k-40k","经验3-5年/本科","1天前发布","混沌大学","移动互联网,教育/不需要融资/150-500人","“弹性工作,六险一金,补充医疗,子女福利”","/服务器端/"
"30","机器学习工程师","北京·朝阳区","35k-60k","经验1年以下/本科","11:41发布","闪银奇异","移动互联网,金融/D轮及以上/500-2000人","“七险一金,免费健身,午餐自助,团队大牛”","/算法/数据挖掘/数据分析/"
"31","机器学习算法工程师","深圳·新安","15k-30k","经验1-3年/本科","2019-03-15","vivo","移动互联网/未融资/2000人以上","“弹性工作,大数据平台,工作氛围好,管理规”","/年终分红/带薪年假/年度旅游/岗位晋升/"
"32","机器学习工程师（图像处理）","深圳·南山区","18k-30k","经验3-5年/本科","12:13发布","大道金服","移动互联网,金融/B轮/500-2000人","“硅谷大咖带你飞”","/人工智能/"
"33","机器学习工程师","北京·海淀区","50k-70k","经验3-5年/硕士","11:56发布","乐元素游戏","移动互联网,游戏/不需要融资/500-2000人","“技术大牛,人工智能,机器学习,大数据”","/人工智能/算法/"
"34","机器学习工程师","上海·徐汇区","15k-30k","经验1-3年/本科","11:45发布","问卷网@爱调研","移动互联网/B轮/150-500人","“弹性工作,职业发展”","/NLP/数据分析/算法/"
"35","机器学习工程师（NLP）","上海·杨浦区","25k-40k","经验1-3年/博士","11:37发布","R2.ai","人工智能/A轮/50-150人","“AI,NLP,机器学习”","/其他/人工智能/"
"36","机器学习工程师","深圳·白石洲","30k-45k","经验1-3年/本科","10:52发布","中腾信","金融/不需要融资/2000人以上","“分类,聚类”","/节日礼物/年底多薪/绩效奖金/岗位晋升/"
"37","推荐算法/广告算法/机器学习","上海·张江","35k-70k","经验3-5年/硕士","09:57发布","上海腾聘","移动互联网,数据服务/B轮/50-150人","“发展空间,薪资给力,期权”","/移动互联网/"
"38","机器学习工程师","北京·朝外","20k-40k","经验1-3年/本科","08:43发布","阳光产险信保事业部","金融/不需要融资/2000人以上","“五险一金,绩效奖金,节日福利,医疗保险”","/大数据/金融/Java/算法/"
"39","机器学习工程师","深圳·科技园","30k-60k","经验不限/本科","10:11发布","无秘","移动互联网,金融/B轮/150-500人","“高速发展,团队优秀,待遇丰厚”","/教育/移动互联网/深度学习/算法/建模/"
"40","机器学习工程师（推荐方向）","深圳·西乡","20k-40k","经验3-5年/本科","08:25发布","小步网络","移动互联网/B轮/150-500人","“待遇优厚,成长空间大,弹性上班,下午茶”","/算法/数据挖掘/数据分析/"
"41","NLP/机器学习/自然语言处理工程师","北京·西直门","20k-35k","经验1-3年/本科","10:07发布","康夫子","移动互联网,医疗健康/A轮/15-50人","“七险一金,餐补,15.5薪,技术大牛”","/医疗健康/算法/数据挖掘/"
"42","机器学习工程师（NLP方向）","北京·朝阳区","15k-30k","经验1-3年/硕士","11:19发布","颐圣智能","医疗健康,移动互联网/A轮/15-50人","“地铁周边 五险一金 人工智能 带薪年假”","/人工智能/"
"43","机器学习工程师","成都·四川大学","12k-24k","经验3-5年/不限","10:00发布","顶呱呱","金融/上市公司/2000人以上","“大平台,双休,包吃,非外包”","/人工智能/"
"44","机器学习/深度学习/算法工程师","武汉·洪山区","8k-16k","经验3-5年/本科","09:18发布","有点","移动互联网,数据服务/未融资/15-50人","“工作氛围好,周末双休,良好的环境”","/"
"45","机器学习工程师","北京·西城区","20k-30k","经验不限/硕士","1天前发布","嘉和美康","移动互联网,医疗健康/C轮/500-2000人","“薪酬完善 福利丰富 晋升空间 团队优秀”","/医疗健康/大数据/建模/算法/数据挖掘/架构师/"
"46","机器学习工程师","上海·杨浦区","20k-35k","经验不限/硕士","11:37发布","R2.ai","人工智能/A轮/50-150人","“AI,机器学习”","/其他/数据挖掘/算法/"
"47","机器学习工程师","深圳·白石洲","10k-16k","经验1-3年/本科","10:52发布","中腾信","金融/不需要融资/2000人以上","“活力”","/大数据/算法/数据挖掘/"
"48","深圳-机器学习/数据挖掘工程师","深圳·前海","30k-60k","经验5-10年/本科","1天前发布","腾讯","移动互联网,游戏/上市公司/2000人以上","“大平台”","/云计算/大数据/建模/人工智能/"
"49","机器学习系统工程师","上海·徐家汇","25k-50k","经验3-5年/硕士","1天前发布","乐言科技","企业服务/B轮/150-500人","“顶尖团队,早期期权”","/股票期权/"
"50","机器学习／深度学习","上海·杨浦区","18k-35k","经验3-5年/本科","2019-03-14","千寻位置","移动互联网/不需要融资/150-500人","“阿里系平台 发展前景广阔”","/节日礼物/股票期权/带薪年假/绩效奖金/"
"51","机器学习/深度学习算法工程师","北京·上地","15k-30k","经验1-3年/硕士","2019-03-14","深思考人工智能机器人","移动互联网,企业服务/A轮/50-150人","“弹性工时、核心岗位、AI”","/其他/建模/"
"52","机器学习/深度学习","大连·火炬路","15k-25k","经验3-5年/硕士","2019-03-12","LINE China","移动互联网,游戏/上市公司/150-500人","“弹性工作制,绩效奖金,加班补助,股票期权”","/图像处理/数据挖掘/"
"53","自然语言处理 \机器学习\数据挖掘工程师要医疗背景","北京·西直门","25k-35k","经验3-5年/本科","10:07发布","康夫子","移动互联网,医疗健康/A轮/15-50人","“技术大牛,15.5薪,七险一金”","/医疗健康/NLP/算法/搜索/"
"54","机器学习工程师","西安·高新技术产业开发区","18k-25k","经验3-5年/本科","1天前发布","星垂智能","移动互联网,人工智能/不需要融资/15-50人","“国际化团队, 高层写字楼, 完善的福利”","/深度学习/图像处理/NLP/"
"55","机器学习工程师 (MJ000077)","上海·复旦大学","25k-50k","经验3-5年/硕士","2天前发布","商米科技","O2O/D轮及以上/500-2000人","“IOT 快速发展”","/NLP/计算机视觉/架构师/"
"56","机器学习-金融事业部","北京·海淀区","20k-40k","经验3-5年/硕士","2019-03-11","去哪儿网","移动互联网/不需要融资/2000人以上","“薪资福利,成长空间,核心业务”","/金融/算法/"
"57","机器学习工程师（反作弊）","深圳·科技园","15k-25k","经验1-3年/大专","1天前发布","爱豆子","移动互联网,电子商务/B轮/50-150人","“办公环境好,同事和蔼,项目前景好”","/移动互联网/人工智能/算法/架构师/"
"58","机器学习专家/高级工程师（在线导航）","北京·大望路","30k-60k","经验不限/本科","2019-02-25","阿里巴巴-高德","移动互联网/上市公司/2000人以上","“算法”","/数据挖掘/算法/"
"59","机器学习专家","北京·西北旺","30k-60k","经验1-3年/本科","11:14发布","墨云科技","信息安全/B轮/50-150人","“五险一金”","/人工智能/深度学习/"
"60","机器学习专家","上海·张江","30k-60k","经验5-10年/本科","09:45发布","还呗-智能信贷领先者","移动互联网,金融/B轮/500-2000人","“移动金融,未来金矿,精英团队,助力成长”","/移动互联网/数据挖掘/算法/"
"61","机器学习工程师","杭州·浦沿","20k-35k","经验1-3年/硕士","11:37发布","R2.ai","人工智能/A轮/50-150人","“AI,机器学习,算法”","/其他/算法/Scala/"
"62","机器学习/数据挖掘工程师","杭州·滨江区","18k-25k","经验3-5年/本科","2019-03-11","安恒信息","信息安全,数据服务/D轮及以上/500-2000人","“五险一金,带薪年假,节假日福利,国内外旅游”","/信息安全/算法/"
"63","机器学习工程师（北京）","北京·五道口","20k-40k","经验1-3年/硕士","1天前发布","竹间智能科技(上海)有限公司","移动互联网,其他/B轮/150-500人","“年底双薪 股票期权 弹性工作 六险一金”","/人工智能/深度学习/NLP/"
"64","数据科学家/机器学习工程师","杭州·西兴","25k-50k","经验1-3年/硕士","11:47发布","TELETRAAN","数据服务,企业服务/天使轮/15-50人","“股权激励,硅谷团队,前沿技术,双休”","/算法/数据挖掘/数据分析/"
"65","机器学习系统工程师","上海·黄浦区","10k-20k","经验不限/本科","2019-03-15","CreditX","金融,数据服务/B轮/50-150人","“股票期权,精英团队,福利好,团队氛围佳”","/大数据/"
"66","机器学习/深度学习算法研究员/专家","北京·望京","25k-40k","经验3-5年/本科","2019-03-14","美团点评","移动互联网,O2O/上市公司/2000人以上","“技术大牛；免费班车”","/人工智能/"
"67","机器学习工程师","北京·海淀区","20k-40k","经验1-3年/硕士","2019-03-14","微步在线","信息安全/B轮/50-150人","“期权激励,绩效奖金,九险一金,晋升空间”","/数据挖掘/"
"68","机器学习工程师","上海·浦东新区","20k-35k","经验3-5年/硕士","2019-03-12","买单侠","移动互联网、金融/C轮/500-2000人","“弹性工作制,扁平管理,互联网金融,晋升空间”","/大数据/Java/Python/算法/"
"69","机器学习工程师","西安·雁塔区","8k-16k","经验不限/大专","2019-03-14","宝兰德软件","企业服务/上市公司/150-500人","“带薪年假 补充医疗 年度体检”","/大数据/人工智能/深度学习/算法/"
"70","机器学习工程师","北京·东四","20k-35k","经验1-3年/本科","2019-03-14","中诚信征信","数据服务,人工智能/不需要融资/150-500人","“行业领导者,弹性工作制,午餐和零食,周五7小时”","/大数据/征信/算法/"
"71","机器学习工程师","上海·浦东新区","18k-23k","经验不限/硕士","2019-03-10","脉景","医疗健康,数据服务/不需要融资/15-50人","“绩效奖金 带薪年假 五险一金 发展空间大”","/深度学习/人工智能/"
"72","机器学习实习生-音视频","深圳·南山区","8k-10k","经验不限/硕士","1天前发布","字节跳动","移动互联网,数据服务/C轮/2000人以上","“免费三餐，租房补贴，扁平管理，职业大牛”","/扁平管理/弹性工作/大厨定制三餐/就近租房补贴/"
"73","机器学习工程师","哈尔滨·世茂大道","9k-15k","经验不限/本科","2019-03-06","安天","信息安全/不需要融资/500-2000人","“五险一金、补充医疗保险、双休、班车”","/信息安全/"
"74","深度/机器学习研究员","杭州·西溪","20k-40k","经验不限/硕士","1天前发布","深睿医疗","移动互联网,医疗健康/B轮/150-500人","“大牛,人性化管理,靠谱团队,技术氛围好”","/医疗健康/NLP/计算机视觉/图像处理/"
"75","机器学习工程师 (MJ000057)","上海·海宁路","20k-40k","经验3-5年/本科","2019-02-28","中腾信","金融/不需要融资/2000人以上","“五险一金，发展空间大，定期体检，发展好”","/NLP/"
"76","机器学习工程师","上海·田林","20k以上","经验不限/硕士","1天前发布","竹间智能科技(上海)有限公司","移动互联网,其他/B轮/150-500人","“年底双薪 股票期权 五险一金 弹性工作”","/算法/"
"77","机器学习实习生-音视频","北京·海淀区","8k-10k","经验不限/硕士","1天前发布","字节跳动","移动互联网,数据服务/C轮/2000人以上","“免费三餐，租房补贴，扁平管理，职业大牛”","/扁平管理/弹性工作/大厨定制三餐/就近租房补贴/"
"78","机器学习开发工程师","成都·高新区","20k-40k","经验不限/本科","10:38发布","百词斩","移动互联网,教育/D轮及以上/150-500人","“发展前景好”","/教育/移动互联网/语音识别/"
"79","美团外卖配送-机器学习资深专家（预估方向）","北京·望京","40k-70k","经验5-10年/本科","1天前发布","美团点评","移动互联网,O2O/上市公司/2000人以上","“核心业务 优秀团队 弹性工作 发展空间”","/深度学习/人工智能/数据挖掘/算法/"
"80","机器学习开发工程师","武汉·关山","10k-20k","经验1-3年/本科","09:37发布","Trusfort芯盾时代","移动互联网,信息安全/C轮/150-500人","“五险一金,股票期权,出国团建,晋升空间”","/高薪/股票期权/内荐重奖/餐补话补/"
"81","深度/机器学习实习生","杭州·余杭区","10k-20k","经验不限/硕士","1天前发布","深睿医疗","移动互联网,医疗健康/B轮/150-500人","“大牛,人性化管理,靠谱团队,技术氛围好”","/医疗健康/NLP/计算机视觉/图像处理/"
"82","机器学习研发工程师","佛山·顺德区","18k-36k","经验3-5年/硕士","10:46发布","博智林机器人公司","移动互联网,人工智能/上市公司/500-2000人","“高薪,高平台”","/人工智能/"
"83","数据科学/NLP/机器学习工程师","上海·打浦桥","10k-20k","经验1-3年/本科","1天前发布","华尔街见闻","金融,移动互联网/B轮/150-500人","“弹性工作时间，扁平化管理”","/深度学习/"
"84","图像识别/机器学习工程师","北京·朝阳区","15k-30k","经验3-5年/硕士","2019-03-14","苏宁体育","移动互联网,文化娱乐/不需要融资/2000人以上","“公司平台大，福利好”","/体育/C++/"
"85","AI科学家（语音，视觉，NLP，机器学习01595","上海·斜土路","50k-100k","经验不限/硕士","2019-03-12","同盾科技","信息安全,数据服务/C轮/500-2000人","“大牛组队 丰富数据 期权激励”","/计算机视觉/语音识别/"
"86","机器学习研究员","北京·东四","15k-30k","经验1-3年/本科","2019-03-14","中诚信征信","数据服务,人工智能/不需要融资/150-500人","“行业领导者,弹性工作制,午餐和零食,周五7小时”","/大数据/征信/算法/数据分析/"
"87","机器学习/深度学习/算法工程师","福州·铜盘","10k-15k","经验不限/本科","2019-02-18","顶点软件","移动互联网,企业服务/不需要融资/500-2000人","“六险一金,餐补体检等,员工旅游,丰厚年终奖”","/大数据/"
"88","自然语言处理/机器学习工程师","北京·海淀区","25k-50k","经验3-5年/本科","2019-03-14","Moka","企业服务/B轮/50-150人","“五险一金,周末双休,年底奖金”","/软件开发/"
"89","机器学习工程师（搜索算法）","北京·上地","30k-60k","经验3-5年/本科","1天前发布","贝壳","移动互联网,O2O/D轮及以上/2000人以上","“扁平管理,六险二金,免费三餐,弹性工作”","/股票期权/带薪年假/绩效奖金/扁平管理/"
"90","机器学习算法工程师","合肥·高新区","13k-26k","经验1-3年/本科","08:52发布","ZOOM","移动互联网,社交网络/D轮及以上/500-2000人","“薪酬福利好 技术挑战高 股票期权”","/大数据/"
"91","机器学习研发工程师","上海·田林","25k-50k","经验1-3年/硕士","1天前发布","竹间智能科技(上海)有限公司","移动互联网,其他/B轮/150-500人","“发展空间大,弹性工作,期权激励”","/股票期权/年假≥12天/开放透明氛围/技术黑科技/"
"92","无人车-机器学习/深度学习算法研究院/专家","北京·朝阳区","30k-60k","经验3-5年/本科","2019-03-15","美团点评","移动互联网,O2O/上市公司/2000人以上","“无人车,人工智能,前沿挑战,大场景”","/技能培训/绩效奖金/岗位晋升/领导好/"
"93","机器学习专家（反欺诈）-北京-01653","深圳·下沙","23k-45k","经验1-3年/硕士","2019-03-15","同盾科技","信息安全,数据服务/C轮/500-2000人","“双休 五险一金”","/后端/"
"94","机器学习研发工程师","北京·海淀区","20k-40k","经验3-5年/本科","2019-03-15","金山云","移动互联网,数据服务/D轮及以上/500-2000人","“免费三餐,公司班车,下午茶”","/Python/"
"95","机器学习","北京·上地","40k-60k","经验3-5年/本科","1天前发布","贝壳","移动互联网,O2O/D轮及以上/2000人以上","“六险二金,包三餐,年终奖,BAT大牛”","/深度学习/搜索/推荐/"
"96","机器学习研发工程师","北京·五道口","15k-25k","经验1-3年/本科","1天前发布","神策数据","数据服务/C轮/150-500人","“技术大牛,弹性工作”","/节日礼物/年底双薪/股票期权/带薪年假/"
"97","机器学习/数据挖掘工程师","北京·西北旺","18k-30k","经验3-5年/本科","1天前发布","百度","移动互联网,数据服务/不需要融资/2000人以上","“福利待遇好”","/Linux/Unix/Python/C++/"
"98","机器学习","北京·学院路","25k-45k","经验不限/硕士","1天前发布","华凯实业","移动互联网电子商务/未融资/150-500人","“待遇好，空间大，上市企业”","/人工智能/深度学习/"
"99","机器学习","长沙·麓谷","10k-15k","经验不限/硕士","09:49发布","星汉数智","移动互联网,数据服务/未融资/50-150人","“扁平化管理,周末双休,五险一金,交通补助”","/软件开发/"
"100","​【急招】阿里高德-智慧交通-机器学习工程师/专家","北京·大望路","30k-60k","经验5-10年/硕士","2019-03-15","阿里巴巴-高德","移动互联网/上市公司/2000人以上","“核心团队,晋升空间大,绩效奖金多”","/移动互联网/地图/深度学习/算法/模式识别/"
"101","机器学习","长沙·开福区","12k-24k","经验3-5年/硕士","1天前发布","安存科技","移动互联网,数据服务/未融资/15-50人","“机器学习,深度学习,数据挖掘”","/大数据/算法/数据挖掘/"
"102","机器学习/推荐算法工程师","南京·建邺区","18k-35k","经验不限/本科","1天前发布","小米","移动互联网/D轮及以上/2000人以上","“优秀的团队”","/快速成长/免费班车/扁平管理/技能培训/"
"103","头条实验室算法工程师-机器学习","北京·海淀区","25k-50k","经验1-3年/本科","1天前发布","字节跳动","移动互联网,数据服务/C轮/2000人以上","“六险一金，免费三餐，租房补贴，带薪休假”","/扁平管理/弹性工作/大厨定制三餐/就近租房补贴/"
"104","高级机器学习工程师","上海·复旦大学","25k-30k","经验3-5年/硕士","1天前发布","亿可能源","移动互联网,数据服务/A轮/50-150人","“大数据和AI行业”","/大数据/人工智能/深度学习/"
"105","机器学习算法","上海·华漕","20k-35k","经验3-5年/硕士","1天前发布","水象科技","电子商务/未融资/2000人以上","“五险一金 双休 拓展活动”","/深度学习/推荐/"
"106","机器学习研发工程师","深圳·深圳湾","25k-50k","经验1-3年/硕士","1天前发布","竹间智能科技(上海)有限公司","移动互联网,其他/B轮/150-500人","“扁平化管理,发展空间大,弹性上班”","/人工智能/"
"107","前端开发工程师-机器学习团队-上海徐汇-00669","上海·徐汇区","10k-20k","经验3-5年/本科","2019-03-12","同盾科技","信息安全,数据服务/C轮/500-2000人","“15薪,大牛指导,机器学习,弹性工作”","/Javascript/Web前端/"
"108","头条实验室科学家-机器学习","北京·海淀区","25k-50k","经验1-3年/本科","1天前发布","字节跳动","移动互联网,数据服务/C轮/2000人以上","“六险一金，免费三餐，租房补贴，带薪休假”","/扁平管理/弹性工作/大厨定制三餐/就近租房补贴/"
"109","机器学习工程师","上海·周家嘴路","20k-40k","经验1-3年/硕士","10:18发布","微创","移动互联网,电子商务/不需要融资/2000人以上","“车联网,电商,500强”","/电商/移动互联网/建模/算法/"
"110","高级机器学习工程师","上海·静安区","20k-40k","经验3-5年/硕士","10:14发布","华院数据","企业服务,数据服务/C轮/500-2000人","“发展空间大”","/企业服务/"
"111","机器学习","北京·望京","20k-40k","经验1-3年/硕士","3天前发布","数美","企业服务,数据服务/B轮/150-500人","“海量数据,顶级团队,飞速发展”","/广告营销/大数据/数据挖掘/"
"112","机器学习工程师","上海·浦东新区","15k-30k","经验1-3年/本科","1天前发布","斗象科技","信息安全/B轮/50-150人","“行业人脉,多元福利,期权激励,年底双薪”","/信息安全/移动互联网/Spark/算法/数据挖掘/"
"113","机器学习/高性能服务端工程师","北京·清河","30k-50k","经验3-5年/本科","12:03发布","小米","移动互联网/D轮及以上/2000人以上","“大牛云集,各种福利”","/大数据/分布式/Java/Hadoop/"
"114","高级机器学习工程师","深圳·科技园","25k-50k","经验1-3年/硕士","1天前发布","腾讯","移动互联网,游戏/上市公司/2000人以上","“腾讯大平台,医疗场景”","/NLP/数据挖掘/"
"115","机器学习算法工程师","北京·中关村","30k-60k","经验不限/本科","2019-03-14","旷视科技","移动互联网,硬件/C轮/500-2000人","“福利好 待遇高 公司发展快”","/Python/"
"116","机器学习架构","杭州·西湖区","25k-50k","经验5-10年/本科","2019-02-18","Rokid","电子商务,移动互联网/B轮/150-500人","“五险一金,技术大牛,人工智能,机器视觉”","/智能硬件/移动互联网/架构师/算法/平台/"
"117","图计算及机器学习￼系统工程师","上海·外滩","15k-25k","经验不限/本科","2019-03-15","CreditX","金融,数据服务/B轮/50-150人","“精英团队 超长年假 弹性工作 扁平化管理”","/人工智能/图像处理/算法/"
"118","机器学习","北京·常营","50k-70k","经验1-3年/本科","2019-03-09","好大夫在线","医疗健康/D轮及以上/500-2000人","“大公司,大平台,机会多,空间大”","/医疗健康/人工智能/深度学习/图像处理/"
"119","自然语言处理/机器学习算法工程师","北京·东坝","25k-50k","经验3-5年/硕士","2019-03-13","车好多集团","O2O/C轮/2000人以上","“一线互联网技术背景+全年最高19薪”","/人工智能/NLP/"
"120","机器学习/数据挖掘算法工程师","北京·西北旺","15k-25k","经验3-5年/本科","2019-03-13","百度","移动互联网,数据服务/不需要融资/2000人以上","“平台大,团队强,牛人多,伙食好”","/大数据/数据分析/"
"121","机器学习/推荐算法-MIUI南京","南京·建邺区","20k-40k","经验3-5年/硕士","2019-03-15","小米","移动互联网/D轮及以上/2000人以上","“互联网,薪酬领先,技术成长”","/搜索/"
"122","机器学习","北京·望京","20k-40k","经验1-3年/本科","3天前发布","数美","企业服务,数据服务/B轮/150-500人","“海量数据,顶级团队,飞速发展”","/广告营销/大数据/数据挖掘/数据分析/"
"123","机器学习","北京·常营","50k-70k","经验1-3年/本科","2019-03-09","好大夫在线","医疗健康/D轮及以上/500-2000人","“大公司,大平台,机会多,空间大”","/医疗健康/推荐/建模/语音识别/图像处理/"
"124","机器学习研发实习生","深圳·科技园","3k-5k","经验不限/不限","2019-03-11","腾讯","移动互联网,游戏/上市公司/2000人以上","“实习合格的同学将有机会录用为正式员工。”","/免费班车/成长空间/年度旅游/岗位晋升/"
"125","资深机器学习工程师-杭州-00363","杭州·仓前","20k-35k","经验不限/硕士","2019-03-12","同盾科技","信息安全,数据服务/C轮/500-2000人","“技术大牛,扁平管理,丰厚年终,带薪年假”","/人工智能/推荐/算法/"
"126","广告系统AI工程师-CV/NLP/机器学习方向","上海·徐汇区","25k-50k","经验3-5年/本科","1天前发布","字节跳动","移动互联网,数据服务/C轮/2000人以上","“六险一金，弹性工作，免费三餐，餐补”","/扁平管理/弹性工作/大厨定制三餐/就近租房补贴/"
"127","机器学习工程师（用户增长方向）","上海·徐汇区","30k-60k","经验3-5年/本科","1天前发布","触宝","移动互联网,数据服务/上市公司/500-2000人","“美股上市公司，团队牛人多”","/移动互联网/建模/算法/推荐/"
"128","机器学习系统工程师","北京·西北旺","35k-45k","经验3-5年/本科","1天前发布","第四范式","移动互联网/B轮/500-2000人","“五险一金 餐补 交通补助 弹性工作制”","/数据挖掘/深度学习/建模/"
"129","深度学习/机器学习工程师","武汉·东湖新技术开发区","15k-25k","经验3-5年/硕士","1天前发布","极验","信息安全,数据服务/B轮/50-150人","“五险一金,双休”","/地图/数据挖掘/"
"130","机器学习算法工程师","深圳·南山区","14k-25k","经验不限/本科","12:01发布","一面数据","移动互联网,数据服务/A轮/50-150人","“大数据人工智能；清华系大牛；技术氛围浓”","/大数据/"
"131","机器学习算法工程师","北京·中关村","15k-30k","经验不限/硕士","11:30发布","中科智加","移动互联网,数据服务/不需要融资/50-150人","“五险一金 带薪年假 高额年终奖”","/人工智能/"
"132","机器学习算法工程师","上海·南方商城","20k-30k","经验3-5年/本科","10:00发布","途虎养车网","移动互联网/D轮及以上/2000人以上","“5A办公室,公司氛围好,发展空间大”","/人工智能/"
"133","机器学习算法工程师","北京·望京","18k-27k","经验3-5年/本科","10:55发布","MYNTAI小觅智能","数据服务,硬件/A轮/50-150人","“弹性工作制，扁平化管理，上升空间大”","/计算机视觉/模式识别/"
"134","机器学习算法工程师","杭州·长河","15k-30k","经验不限/本科","10:37发布","杭州智团","医疗健康/不需要融资/50-150人","“年终奖金,全勤奖,带薪年假,五险一金”","/午餐补助/带薪年假/节日礼物/五险一金/"
"135","机器学习算法工程师","重庆·渝北区","8k-15k","经验不限/本科","09:41发布","学析优","移动互联网/A轮/50-150人","“机器学习,深度学习,RNN,CNN”","/深度学习/"
"136","机器学习（实习生／校招生）","北京·望京","4k-8k","经验不限/本科","3天前发布","数美","企业服务,数据服务/B轮/150-500人","“大牛导师,海量数据,飞速发展”","/大数据/征信/算法/数据挖掘/"
"137","机器学习","北京·朝阳区","25k-50k","经验不限/本科","2019-03-09","好大夫在线","医疗健康/D轮及以上/500-2000人","“大公司,大平台,机会多,空间大”","/人工智能/深度学习/图像处理/"
"138","机器学习","北京·清河","25k-50k","经验3-5年/本科","11:33发布","小米","移动互联网/D轮及以上/2000人以上","“技术,平台”","/快速成长/免费班车/扁平管理/技能培训/"
"139","机器学习（高级）工程师-国际化","北京·海淀区","20k-40k","经验3-5年/本科","1天前发布","字节跳动","移动互联网,数据服务/C轮/2000人以上","“六险一金，弹性工作，免费三餐，租房补贴”","/扁平管理/弹性工作/大厨定制三餐/就近租房补贴/"
"140","机器学习算法工程师","北京·中关村","18k-36k","经验3-5年/硕士","1天前发布","有利网","金融/不需要融资/2000人以上","“领导大牛,团队稳定,待遇优厚”","/金融/"
"141","机器学习算法工程师","北京·四季青","30k-60k","经验3-5年/硕士","1天前发布","远鉴科技","移动互联网,人工智能/D轮及以上/50-150人","“技术大牛,AI领域,创新优势,团队和谐”","/人工智能/深度学习/"
"142","机器学习工程师","上海·张江","25k-50k","经验5-10年/本科","11:33发布","Coupang","移动互联网,O2O/不需要融资/150-500人","“机器学习引领者 带领团队取得成功”","/电商/算法/NLP/数据架构/Hadoop/"
"143","机器学习算法工程师","武汉·武昌区","10k-20k","经验不限/不限","1天前发布","多益网络","移动互联网,游戏/不需要融资/500-2000人","“互联网百强”","/扁平化管理/现象级产品/"
"144","机器学习工程师","上海·静安区","25k-45k","经验5-10年/硕士","10:55发布","栈略数据","企业服务,数据服务/A轮/50-150人","“福利好,弹性工作,年底双薪,商业医保”","/大数据/数据分析/"
"145","机器学习算法工程师（19届）","北京·望京","12k-24k","经验应届毕业生/本科","1天前发布","陌陌","社交网络/上市公司/500-2000人","“每日下午茶,舒适的环境,可爱的伙伴”","/社交/移动互联网/"
"146","机器学习/计算机视觉算法工程师","北京·望京","10k-20k","经验1-3年/本科","1天前发布","泽泰征信","企业服务,数据服务/A轮/15-50人","“前景广阔,五险一金,节日福利,上升空间大”","/深度学习/"
"147","机器学习","北京·望京","15k-30k","经验1-3年/硕士","1天前发布","新世相","移动互联网,电子商务/B轮/150-500人","“大咖多,氛围好”","/教育/电商/NLP/算法/"
"148","机器学习/数据挖掘工程师/高级工程师","北京·西北旺","15k-30k","经验3-5年/硕士","2019-03-07","百度","移动互联网,数据服务/不需要融资/2000人以上","“团队优秀 福利较好”","/股票期权/弹性工作/五险一金/免费班车/"
"149","机器学习算法工程师","北京·海淀区","20k-40k","经验1-3年/本科","10:55发布","RealAI","人工智能/天使轮/15-50人","“发展前景、朝阳行业”","/深度学习/数据挖掘/"
"150","机器学习","北京·酒仙桥","15k-30k","经验1-3年/硕士","2019-03-15","360企业安全","电子商务,企业服务/不需要融资/2000人以上","“免费三餐 弹性工作制”","/深度学习/"
"151","机器学习","北京·朝阳区","25k-50k","经验不限/本科","2019-03-09","好大夫在线","医疗健康/D轮及以上/500-2000人","“大公司,大平台,空间大,机会多”","/图像处理/"
"152","测试开发工程师-计算机视觉/机器学习方向","北京·海淀区","20k-40k","经验1-3年/本科","1天前发布","字节跳动","移动互联网,数据服务/C轮/2000人以上","“六险一金，高薪期权，弹性工作，免费三餐”","/扁平管理/弹性工作/大厨定制三餐/就近租房补贴/"
"153","机器学习算法工程师","上海·长宁区","30k-50k","经验3-5年/本科","1天前发布","拼多多","电子商务,移动互联网/上市公司/2000人以上","“Top薪资,快速发展,扁平化管理”","/电商/"
"154","机器学习算法工程师","重庆·龙溪","8k-15k","经验不限/本科","1天前发布","学析优","移动互联网/A轮/50-150人","“机器学习,深度学习,RNN,CNN”","/""""/"
"155","机器学习/推荐算法-南京","南京·建邺区","20k-30k","经验3-5年/硕士","2019-03-15","小米","移动互联网/D轮及以上/2000人以上","“超赞团队、重点业务 、发展空间、小米股票”","/快速成长/免费班车/扁平管理/技能培训/"
"156","机器学习&深度学习研发人员","北京·朝阳区","30k-60k","经验3-5年/本科","2019-03-14","360企业安全","电子商务,企业服务/不需要融资/2000人以上","“股票期权,弹性工作,高并发系统,行业独角”","/移动互联网/大数据/推荐/搜索/"
"157","机器学习算法工程师","武汉·中北路","16k-32k","经验1-3年/本科","10:17发布","武汉掌中宝","移动互联网,游戏/未融资/150-500人","“项目前景好,公司氛围好,高薪”","/数据挖掘/数据分析/"
"158","机器学习算法工程师","深圳·南山区","17k-34k","经验1-3年/本科","1天前发布","大宇无限","移动互联网/C轮/50-150人","“工程师文化,高期权回报,六险一金发展快”","/移动互联网/大数据/数据挖掘/Hive/Spark/"
"159","算法工程师机器学习方向","广州·林和","18k-35k","经验3-5年/本科","09:37发布","广州小迈","移动互联网/B轮/150-500人","“晋升渠道宽团队好领导好弹性双休福利齐全”","/大数据/电商/深度学习/推荐/"
"160","算法工程师机器学习方向","杭州·文二路","15k-25k","经验1-3年/硕士","09:25发布","杭州雅拓","数据服务,企业服务/不需要融资/150-500人","“氛围好,弹性工作,待遇好,有牛人”","/深度学习/"
"161","机器学习算法工程师","上海·镇宁路","13k-22k","经验不限/硕士","1天前发布","WESTWELLlab西井科技","数据服务,硬件/B轮/50-150人","“全球领先的神经形态工程团队+高薪水福利”","/技能培训/股票期权/带薪年假/绩效奖金/"
"162","算法工程师机器学习方向","北京·朝阳区","30k-60k","经验3-5年/硕士","09:56发布","同程艺龙","旅游,电子商务/上市公司/2000人以上","“技术氛围浓 团队氛围好”","/深度学习/推荐/"
"163","算法/机器学习高级研发工程师","北京·望京","25k-40k","经验3-5年/本科","1天前发布","西窗科技","移动互联网,广告营销/不需要融资/50-150人","“弹性工作 补充商业保险 12天年假”","/深度学习/数据挖掘/"
"164","机器学习算法工程师-推荐算法方向","北京·亮马桥","25k-40k","经验3-5年/硕士","10:18发布","北京超盟数据科技有限公司","数据服务,企业服务/A轮/50-150人","“六险一金，周末双休，弹性考勤，发展空间大”","/企业服务/建模/"
"165","百度凤巢_机器学习/数据挖据高级工程师","北京·西北旺","20k-40k","经验1-3年/硕士","2019-03-14","百度","移动互联网,数据服务/不需要融资/2000人以上","“百度凤巢！核心业务！”","/推荐/NLP/"
"166","机器学习算法工程师-反作弊","北京·海淀区","6k-8k","经验不限/本科","1天前发布","字节跳动","移动互联网,数据服务/C轮/2000人以上","“弹性工作，免费三餐，租房补贴，休闲下午茶”","/后端开发/"
"167","机器学习算法工程师","上海·外滩","15k-30k","经验3-5年/硕士","2019-03-15","CreditX","金融,数据服务/B轮/50-150人","“AI技术,精英团队,扁平管理,弹性工作制”","/金融/深度学习/建模/"
"168","机器学习算法工程师","北京·学院路","25k-50k","经验不限/硕士","2019-03-12","Bigo","移动互联网,社交网络/D轮及以上/500-2000人","“大牛同事、技术分享、技术深研、晋升空间”","/视频/直播/推荐/搜索/NLP/数据挖掘/"
"169","机器学习算法工程师","北京·海淀区","25k-50k","经验3-5年/硕士","2019-03-15","绿湾","企业服务,数据服务/B轮/150-500人","“六险一金 供早餐 午餐补 房补”","/人工智能/"
"170","机器学习算法工程师","杭州·西兴","25k-40k","经验1-3年/本科","2019-03-15","仟金顶","电子商务/B轮/150-500人","“六险一金,各种补贴,定期体检,丰厚年终”","/年终奖金/做五休二/六险一金/子女福利/"
"171","机器学习/数据挖掘工程师","北京·西二旗","15k-30k","经验1-3年/本科","2019-03-14","百度","移动互联网,数据服务/不需要融资/2000人以上","“年底双薪，带薪年假，专人培养，技术氛围好”","/C++/Linux/Unix/后端/Python/"
"172","机器学习算法工程师","重庆·鸳鸯","10k-20k","经验1-3年/硕士","2019-03-14","轻推","移动互联网/不需要融资/150-500人","“世界500强央企 大平台”","/云计算/大数据/"
"173","机器学习算法工程师 (MJ000057)","深圳·大冲","20k-40k","经验1-3年/不限","2019-03-13","追一科技","移动互联网,企业服务/B轮/150-500人","“风口行业”","/人工智能/深度学习/"
"174","机器学习算法工程师","广州·越秀区","15k-30k","经验1-3年/本科","2019-03-13","筷子科技","数据服务,广告营销/B轮/50-150人","“机器学习,团队年轻,大数据,气氛活泼”","/推荐/图像处理/"
"175","机器学习","上海·龙华","25k-50k","经验3-5年/本科","1天前发布","平安健康","移动互联网,电子商务/上市公司/2000人以上","“500强公司，高效团队，期权激励”","/深度学习/NLP/算法/"
"176","机器学习算法工程师","成都·武侯区","8k-16k","经验不限/大专","2019-03-15","无糖信息","信息安全,数据服务/A轮/50-150人","“年轻团队 扁平管理 带薪年假 周末双休”","/图像处理/语音识别/数据挖掘/"
"177","机器学习","北京·学院路","20k-40k","经验3-5年/本科","2019-03-14","最右","移动互联网/C轮/150-500人","“领导nice，福利待遇好，团队氛围好”","/算法/"
"178","机器学习算法工程师（Leader）","北京·酒仙桥","25k-50k","经验3-5年/硕士","2019-03-13","homi","移动互联网,硬件/A轮/50-150人","“弹性工作、大咖云集”","/数据挖掘/数据分析/"
"179","机器学习算法工程师","深圳·西丽","25k-50k","经验1-3年/本科","2019-03-13","小库科技","移动互联网/A轮/50-150人","“年底三薪+,股票期权,双休不打卡,技术大牛多”","/人工智能/深度学习/"
"180","机器学习（NLP）","北京·定福庄","30k-50k","经验不限/硕士","2019-03-11","好大夫在线","医疗健康/D轮及以上/500-2000人","“五险一金,年底双薪,定期体检,发展空间”","/语音识别/"
"181","机器学习工程师／数据挖掘工程师","莆田·城厢区","20k-40k","经验3-5年/本科","2019-03-11","圆马信息","移动互联网、电子商务/天使轮/15-50人","“下午茶,年底红包,氛围好,项目奖金”","/广告营销/金融/算法/"
"182","机器学习算法工程师","上海·镇宁路","13k-23k","经验不限/硕士","1天前发布","WESTWELLlab西井科技","数据服务,硬件/B轮/50-150人","“提供一线互联网公司薪水福利”","/技能培训/股票期权/带薪年假/绩效奖金/"
"183","机器学习算法工程师","北京·海淀区","20k-40k","经验1-3年/本科","1天前发布","神策数据","数据服务/C轮/150-500人","“技术大牛,行业前景好”","/节日礼物/年底双薪/股票期权/带薪年假/"
"184","高级数据科学家-机器学习","上海·浦东新区","30k-45k","经验3-5年/硕士","2019-02-20","Coupang","移动互联网,O2O/不需要融资/150-500人","“弹性工作制,技术氛围强,定期体检,国外出差”","/数据挖掘/"
"185","机器学习工程师","杭州·西湖区","20k-40k","经验不限/博士","2019-03-12","好络维","医疗健康,移动互联网/不需要融资/150-500人","“福利待遇”","/图像处理/算法/"
"186","机器学习工程师","珠海·香洲区","18k-30k","经验1-3年/硕士","2019-02-20","一知安全","信息安全/天使轮/15-50人","“五险一金,带薪年假,年终绩效,丰富团建”","/信息安全/大数据/算法/数据挖掘/数据分析/"
"187","机器学习工程师","北京·望京","30k-50k","经验3-5年/硕士","10:03发布","荣益睿源","移动互联网,金融/不需要融资/15-50人","“外企，没有996，拥抱新生活”","/广告营销/视频/推荐/数据挖掘/"
"188","机器学习专家","深圳·南山区","40k-80k","经验3-5年/硕士","1天前发布","和而泰","移动互联网/上市公司/2000人以上","“上市公司”","/绩效奖金/年终分红/股票期权/专项奖金/"
"189","机器学习算法研究员（南京） (MJ000179)","南京·东山","15k-30k","经验不限/不限","2019-03-13","追一科技","移动互联网,企业服务/B轮/150-500人","“发展空间”","/深度学习/NLP/"
"190","机器学习","北京·五道口","33k-61k","经验3-5年/本科","2019-03-06","DataHunter","数据服务,企业服务/A轮/50-150人","“五道口,技术大牛,数据可视化,下午茶”","/大数据/算法/数据分析/"
"191","机器学习","上海·四平路","30k-60k","经验5-10年/本科","2019-03-14","掌门1对1在线教育","移动互联网,教育/D轮及以上/500-2000人","“14薪,下午茶,团建活动”","/NLP/算法/"
"192","机器学习算法工程师","武汉·光谷","15k-30k","经验不限/硕士","2019-03-08","盛视","信息安全,硬件/不需要融资/500-2000人","“空间大,薪酬高,福利多,大牛多”","/视频/人工智能/深度学习/模式识别/"
"193","机器学习科学家-北京","北京·中关村","40k-70k","经验不限/博士","10:32发布","智加科技","人工智能/A轮/50-150人","“弹性工作制 优厚的薪酬 风口行业”","/人工智能/算法/"
"194","机器学习量化","北京·大望路","30k-50k","经验不限/本科","1天前发布","楼上商贸有限公司","移动互联网,电子商务/不需要融资/15-50人","“薪酬福利好”","/"
"195","机器学习算法工程师","上海·长宁区","18k-36k","经验1-3年/本科","2019-03-07","虎博科技","移动互联网,金融/A轮/50-150人","“硅谷大牛,股权激励,绩效奖金,极客氛围”","/金融/深度学习/搜索/NLP/"
"196","机器学习算法研究员 (MJ000031)","深圳·南山区","30k-60k","经验3-5年/不限","2019-03-13","追一科技","移动互联网,企业服务/B轮/150-500人","“期权激励”","/深度学习/"
"197","机器学习算法专家","北京·学院路","40k-60k","经验5-10年/本科","1天前发布","神策数据","数据服务/C轮/150-500人","“具备技术挑战、海量数据的数据分析底层架构”","/深度学习/搜索/推荐/NLP/"
"198","机器学习算法工程师（应届毕业生）","北京·酒仙桥","10k-12k","经验1-3年/硕士","2019-03-07","homi","移动互联网,硬件/A轮/50-150人","“弹性工作制,转正机会,氛围好,大咖云集”","/人工智能/深度学习/数据挖掘/"
"199","机器学习工程师","深圳·深圳湾","30k-60k","经验不限/本科","1天前发布","华凯实业","移动互联网电子商务/未融资/150-500人","“待遇好，空间大，上市企业”","/人工智能/深度学习/"
"200","机器学习专家","杭州·东新路","30k-60k","经验5-10年/硕士","1天前发布","点我达","O2O/D轮及以上/500-2000人","“独角兽公司、股票期权、高速发展”","/人工智能/"
"201","机器学习/数据挖掘工程师/专家","杭州·拱墅区","20k-40k","经验3-5年/硕士","1天前发布","浙江执御信息技术有限公司","移动互联网,数据服务/C轮/2000人以上","“公司前景好,电子商务,团队氛围好,扁平管理”","/NLP/"
"202","机器学习（技术平台2019校招）","北京·望京","10k-20k","经验应届毕业生/本科","2019-03-15","一起科技","移动互联网,教育/D轮及以上/500-2000人","“带薪年假,环境好”","/体育/人工智能/"
"203","机器学习工程师","北京·五道口","10k-15k","经验1-3年/本科","09:53发布","帝言","其他/未融资/50-150人","“五险一金,年终奖,节假日福利,各类补助”","/人工智能/深度学习/图像处理/"
"204","机器学习算法工程师（2018校招）","北京·望京","15k-25k","经验应届毕业生/本科","2019-02-27","小红书","生活服务,电子商务/D轮及以上/500-2000人","“年底多薪,三餐福利,技术大牛多,住宿补贴”","/数据挖掘/数据分析/"
"205","机器学习算法实习生(可转正）","上海·徐汇区","5k-8k","经验应届毕业生/本科","1天前发布","字节跳动","移动互联网,数据服务/C轮/2000人以上","“弹性工作，免费三餐，租房补贴，休闲下午茶”","/算法/"
"206","机器学习/数据挖掘工程师/高级工程师","北京·西北旺","15k-30k","经验1-3年/本科","2019-03-14","百度","移动互联网,数据服务/不需要融资/2000人以上","“大平台”","/大数据/建模/"
"207","机器学习算法实习生","北京·望京","4k-6k","经验不限/本科","1天前发布","陌陌","社交网络/上市公司/500-2000人","“技术大牛,团队氛围好”","/DB2/DBA/ETL/"
"208","机器学习工程师","深圳·南山区","20k-40k","经验1-3年/本科","1天前发布","AKULAKU","移动互联网,金融/D轮及以上/500-2000人","“薪资高,年终多,有期权”","/深度学习/算法/"
"209","搜狗明医-机器学习研究员-北京-02086","北京·五道口","30k-50k","经验3-5年/硕士","2天前发布","搜狗","移动互联网,数据服务/上市公司/2000人以上","“核心业务”","/岗位晋升/扁平管理/管理规范/精英团队/"
"210","算法工程师机器学习方向","苏州·独墅湖","20k-35k","经验3-5年/本科","2019-03-14","瑞小云","移动互联网/不需要融资/15-50人","“五险一金、绩效奖金、年终多薪、年度旅游。”","/大数据/深度学习/数据挖掘/"
"211","算法工程师机器学习方向","上海·静安区","20k-35k","经验3-5年/本科","2019-03-14","瑞小云","移动互联网/不需要融资/15-50人","“五险一金、绩效奖金、年终多薪、年度旅游。”","/大数据/深度学习/数据挖掘/"
"212","机器学习系统工程师","北京·上地","30k-60k","经验不限/本科","2019-03-11","第四范式","移动互联网/B轮/500-2000人","“人工智能,大牛超多,晋升空间,不打卡”","/C++/Linux/Unix/Hadoop/"
"213","机器学习/大数据工程师","西安·唐延路","10k-18k","经验3-5年/本科","2019-02-26","西安云动数字科技有限公司","移动互联网/天使轮/少于15人","“领导nice/专业成长型/带薪年假”","/数据分析/算法/"
"214","大规模机器学习工程师","北京·学院路","30k-60k","经验3-5年/本科","1天前发布","最右","移动互联网/C轮/150-500人","“成长空间大,高薪高股,大牛云集,不打卡”","/游戏/社交/深度学习/模式识别/"
"215","机器学习工程师","成都·中和","6k-12k","经验1-3年/本科","2019-03-15","爱记科技","移动互联网数据服务/未融资/少于15人","“工作环境优越，晋升空间，创新型项目”","/金融/数据挖掘/算法/"
"216","机器学习工程师J10010","北京·东城区","30k-50k","经验3-5年/本科","1天前发布","TalkingData","移动互联网/C轮/500-2000人","“大数据,机器学习,深度学习”","/大数据/硬件制造/数据挖掘/数据分析/"
"217","机器学习应用开发工程师","成都·跳伞塔","15k-20k","经验1-3年/硕士","2019-03-11","万益能源","企业服务,数据服务/不需要融资/50-150人","“环境高大上,福利爆好,组织氛围好,行业有前景”","/教育/算法/数据挖掘/"
"218","机器学习/数据挖掘工程师/高级工程师（信息流）","上海·张江","15k-30k","经验3-5年/本科","2019-03-07","百度","移动互联网,数据服务/不需要融资/2000人以上","“团队好,效率高,善创新,福利佳”","/移动互联网/大数据/"
"219","机器学习平台开发工程师","北京·万泉河","15k-25k","经验3-5年/本科","09:37发布","Trusfort芯盾时代","移动互联网,信息安全/C轮/150-500人","“高薪,五险一金,团队建设,晋升空间”","/大数据/"
"220","风控-机器学习","上海·张江","8k-15k","经验1-3年/本科","2019-03-15","交行信用卡中心","金融/上市公司/2000人以上","“平台好,国企,氛围好,福利好”","/建模/算法/深度学习/"
"221","机器学习","深圳·南油","15k-25k","经验1-3年/本科","09:18发布","Percolata","企业服务,数据服务/A轮/15-50人","“周末双休,弹性工作”","/算法/数据挖掘/"
"222","Machine Learning 机器学习工程师","上海·陆家嘴","60k-100k","经验5-10年/本科","1天前发布","星垂智能","移动互联网,人工智能/不需要融资/15-50人","“国际化团队, 高层写字楼, 完善的福利”","/深度学习/图像处理/NLP/"
"223","机器学习开发工程师","北京·北京大学","10k-18k","经验1-3年/本科","1天前发布","晶泰科技","企业服务,医疗健康/B轮/50-150人","“五险一金，公司大牛多，发展空间大”","/深度学习/"
"224","机器学习工程师","北京·车公庄","18k-28k","经验1-3年/本科","2019-03-13","数起科技","移动互联网/A轮/50-150人","“AI方向”","/大数据/数据分析/数据处理/"
"225","机器学习算法专家(FKF0827)","北京·万柳","30k-50k","经验3-5年/硕士","2019-03-13","北京铭泰金科信息技术有限公司","金融,数据服务/B轮/500-2000人","“弹性工作、六险一金、餐补，年假”","/带薪年假/午餐补助/股票期权/绩效奖金/"
"226","高级/资深机器学习/数据挖掘/策略工程师","上海·张江","15k-30k","经验不限/本科","10:45发布","百度","移动互联网,数据服务/不需要融资/2000人以上","“免费早晚餐，大平台”","/云计算/"
"227","机器学习","深圳·南油","20K-40K","经验不限/本科","2019-02-18","环球易购","电子商务/上市公司/2000人以上","“机器学习”","/大数据/算法/数据挖掘/"
"228","机器学习算法实习生-AI Lab","北京·海淀区","2k-4k","经验不限/本科","1天前发布","字节跳动","移动互联网,数据服务/C轮/2000人以上","“免费三餐，租房补贴，休闲下午茶，扁平管理”","/扁平管理/弹性工作/大厨定制三餐/就近租房补贴/"
"229","商业平台-资深机器学习研究员","北京·五道口","40k-60k","经验3-5年/硕士","2天前发布","搜狗","移动互联网,数据服务/上市公司/2000人以上","“技术氛围好,数据量级大”","/深度学习/数据挖掘/"
"230","【实习】统计与机器学习算法实习生","北京·小西天","3k-4k","经验不限/本科","1天前发布","盛和资讯","移动互联网,企业服务/A轮/15-50人","“专家指导、模型算法落地、转正机会”","/建模/"
"231","机器学习开发工程师","杭州·滨江区","10k-20k","经验1-3年/本科","09:51发布","浙大中控信息","数据服务,硬件/不需要融资/500-2000人","“弹性工作,福利待遇好,工作氛围好,技术驱”","/云计算/大数据/深度学习/算法/"
"232","机器学习专家","北京·亦庄","30k-50k","经验3-5年/硕士","2019-03-05","和兴健康科技","移动互联网,数据服务/A轮/15-50人","“专业”","/人工智能/"
"233","机器学习研究员","北京·五道口","5k-10k","经验应届毕业生/硕士","1天前发布","平方和投资","金融/不需要融资/15-50人","“发展前景好，同事关系和谐，工作环境优越”","/深度学习/数据挖掘/"
"234","机器学习","北京·马驹桥","20k-40k","经验1-3年/本科","2019-03-15","北京武明群达商贸有限公司","电子商务/B轮/150-500人","“能力ok，薪资无上限”","/建模/数据挖掘/"
"235","机器学习/深度学习工程师","深圳·购物公园","10k-20k","经验3-5年/本科","2019-03-14","海万科技","移动互联网,金融/不需要融资/500-2000人","“交通便利,新技术,环境好,环境优美”","/大数据/移动互联网/NLP/算法/数据挖掘/"
"236","大数据开发工程师 - 机器学习方向","北京·清河","20k-40k","经验不限/本科","1天前发布","小米","移动互联网/D轮及以上/2000人以上","“MIOT”","/大数据/"
"237","机器学习资深算法工程师（多模态学习）","北京·中关村","25k-50k","经验1-3年/硕士","1天前发布","小鹏汽车","移动互联网,硬件/B轮/2000人以上","“发展空间大，年底双薪，午餐补贴”","/汽车/"
"238","搜索算法/机器学习研发工程师【社招】【算法开发】","北京·朝阳区","20k-40k","经验3-5年/本科","11:38发布","一点资讯","移动互联网/D轮及以上/500-2000人","“弹性工作,工作氛围好,团队大牛多,七险一金”","/带薪年假/午餐补助/扁平管理/弹性工作/"
"239","机器学习工程师（北京）","北京·学院路","15k-20k","经验应届毕业生/硕士","11:44发布","Gridsum 国双","数据服务,企业服务/上市公司/500-2000人","“五险一金,补充医疗,技术牛人多,奖金丰富”","/算法/数据挖掘/"
"240","高级机器学习算法工程师(金融风控领域)","上海·打浦桥","20k-40k","经验3-5年/本科","11:01发布","星合金融科技","移动互联网,金融/不需要融资/50-150人","“扁平化管理,年假多,不打卡”","/金融/数据分析/"
"241","机器学习/数据挖掘/高级工程师（搜索）","上海·张江","15k-30k","经验3-5年/本科","2019-03-07","百度","移动互联网,数据服务/不需要融资/2000人以上","“团队优秀 福利较好”","/股票期权/弹性工作/五险一金/免费班车/"
"242","高级机器学习算法工程师","深圳·科技园","25k-50k","经验3-5年/本科","1天前发布","大宇无限","移动互联网/C轮/50-150人","“和顶尖工程师一起用代码改变全球用户”","/移动互联网/大数据/人工智能/数据挖掘/"
"243","机器学习/算法工程师-2019届春招","北京·学院路","20k-30k","经验应届毕业生/本科","2019-03-12","iHandy","移动互联网/不需要融资/150-500人","“牛人大咖多,弹性工作,六险一金,水果零食”","/移动互联网/"
"244","机器学习架构师","北京·西北旺","30k-50k","经验3-5年/本科","1天前发布","第四范式","移动互联网/B轮/500-2000人","“五险一金 餐补 交通补助 弹性工作制”","/建模/"
"245","图像处理与机器学习工程师","无锡·荣巷","8k-15k","经验1-3年/本科","2019-03-12","上海安翰医疗","医疗健康/B轮/500-2000人","“五险一金、带薪年假、节假日福利、年度体检”","/医疗健康/后端/"
"246","高级机器学习工程师","北京·朝阳区","30k-50k","经验3-5年/本科","11:07发布","TubiTV","移动互联网,文化娱乐/C轮/50-150人","“硅谷文化,牛人带队”","/视频/算法/数据挖掘/"
"247","机器学习研发工程师","成都·高新区","15k-25k","经验1-3年/硕士","09:19发布","Camera360","移动互联网/B轮/150-500人","“五险一金,员工体检,职级晋升,股票期权”","/绩效奖金/股票期权/专项奖金/年终奖/"
"248","机器学习云平台开发工程师","北京·海淀区","20k-40k","经验3-5年/不限","2019-03-15","金山云","移动互联网,数据服务/D轮及以上/500-2000人","“免费三餐,公司班车,下午茶”","/Python/"
"249","机器学习平台研发工程师","深圳·大冲","15k-30k","经验不限/硕士","2019-03-13","追一科技","移动互联网,企业服务/B轮/150-500人","“人工智能”","/人工智能/"
"250","大数据机器学习研究员","深圳·南山区","20k-25k","经验1-3年/硕士","11:52发布","大丰收DFS168.com","电子商务,O2O/C轮/150-500人","“发展空间大,学习机会多,薪酬有竞争,环境优越”","/大数据/数据挖掘/"
"251","机器学习工程师（上海-静安区）","上海·静安寺","15k-20k","经验应届毕业生/硕士","11:44发布","Gridsum 国双","数据服务,企业服务/上市公司/500-2000人","“六险一金、奖金丰厚、技术牛人多”","/算法/数据挖掘/数据分析/"
"252","2019-深度学习/机器学习工程师","武汉·东湖新技术开发区","7k-14k","经验应届毕业生/本科","1天前发布","极验","信息安全,数据服务/B轮/50-150人","“团队超棒,产品超酷,AI,极客范”","/信息安全/算法/"
"253","机器学习工程师","北京·定福庄","25k-50k","经验3-5年/本科","2019-03-11","好大夫在线","医疗健康/D轮及以上/500-2000人","“五险一金,年底双薪,定期体检,发展空间”","/医疗健康/算法/数据挖掘/"
"254","机器学习工程师","上海·海宁路","30k-60k","经验5-10年/本科","2019-02-19","海航云商","金融/不需要融资/150-500人","“互联网氛围,老板牛逼,技术前沿”","/大数据/金融/深度学习/算法/"
"255","大规模机器学习工程师","北京·海淀区","30k-60k","经验3-5年/本科","1天前发布","最右","移动互联网/C轮/150-500人","“高薪高股,六险一金,房补,大牛云集”","/算法/"
"256","机器学习/算法工程师（2020年毕业）","北京·学院路","5k-6k","经验应届毕业生/本科","2019-03-12","iHandy","移动互联网/不需要融资/150-500人","“牛人大咖多,弹性工作,六险一金,水果零食”","/移动互联网/"
"257","机器学习工程师","上海·漕河泾","15k-30k","经验3-5年/本科","1天前发布","有鱼金融科技","移动互联网,金融/不需要融资/500-2000人","“行业前三，技术驱动，无限发挥！”","/移动互联网/人工智能/深度学习/"
"258","机器学习/深度学习/图算法工程师","杭州·西兴","25k-50k","经验3-5年/本科","2019-03-15","华为技术有限公司","硬件/不需要融资/2000人以上","“股票期权”","/大数据/云计算/人工智能/计算机视觉/"
"259","大规模机器学习工程师","北京·海淀区","40k-80k","经验3-5年/本科","2019-03-13","最右","移动互联网/C轮/150-500人","“成长空间大,高薪高股,大牛云集,不打卡”","/推荐/搜索/建模/"
"260","高级机器学习算法工程师","杭州·三墩","30k-45k","经验3-5年/硕士","1天前发布","的卢深视","数据服务,移动互联网/未融资/50-150人","“不定期团建,下午茶,餐补,带薪年假”","/深度学习/计算机视觉/"
"261","机器学习工程师","杭州·西溪","8k-12k","经验不限/本科","2019-02-18","东信软件","移动互联网,数据服务/上市公司/150-500人","“人工智能,机器学习”","/建模/数据挖掘/人工智能/深度学习/"
"262","机器学习工程师","北京·望京","20k-40k","经验3-5年/本科","1天前发布","陌陌","社交网络/上市公司/500-2000人","“发展空间大,核心岗位”","/广告营销/Python/算法/"
"263","机器学习技术专家","北京·海淀区","25k-40k","经验3-5年/本科","1天前发布","第四范式","移动互联网/B轮/500-2000人","“年底多薪、弹性工作时间、带薪年假”","/人工智能/"
"264","机器学习开发工程师","南京·雨花台区","20k-30k","经验不限/硕士","1天前发布","趋势科技","信息安全/上市公司/2000人以上","“国际化平台,企业文化好,薪资福利好,老板好”","/深度学习/"
"265","高级机器学习工程师","上海·汶水路","10k-20k","经验3-5年/本科","1天前发布","房多多","移动互联网,O2O/C轮/2000人以上","“平台好，发展快，前景广阔”","/房产服务/数据挖掘/算法/"
"266","机器学习","北京·朝外","17k-30k","经验不限/本科","2019-03-15","福易得","移动互联网/未融资/150-500人","“发展潜力大，环境优美，弹性工作，交通便利”","/人工智能/语音识别/NLP/"
"267","资深机器学习算法工程师","北京·中关村","25k-45k","经验3-5年/本科","2019-03-11","去哪儿网","移动互联网/不需要融资/2000人以上","“核心业务,团队一流,氛围好,福利佳”","/互联网金融/深度学习/建模/数据挖掘/"
"268","机器学习平台开发实习生(DGNet)","北京·海淀区","4k-5k","经验1年以下/本科","1天前发布","格灵深瞳","企业服务,数据服务/C轮/150-500人","“导师制,扁平化管理”","/云计算/大数据/"
"269","【校招】机器学习研究员","北京·五道口","15k-30k","经验应届毕业生/硕士","2天前发布","搜狗","移动互联网,数据服务/上市公司/2000人以上","“大牛领导,氛围轻松”","/岗位晋升/扁平管理/管理规范/精英团队/"
"270","算法工程师-小爱-自然语言处理/机器学习","北京·清河","25k-50k","经验不限/硕士","2019-03-11","小米","移动互联网/D轮及以上/2000人以上","“五险一金、弹性工作、双休、团队氛围好”","/人工智能/NLP/"
"271","高级机器学习算法工程师","合肥·科技大学","20k-35k","经验3-5年/硕士","1天前发布","的卢深视","数据服务,移动互联网/未融资/50-150人","“不定期团建,下午茶,餐补,带薪年假”","/深度学习/计算机视觉/图像处理/"
"272","机器学习算法专家","北京·望京","35k-50k","经验5-10年/本科","2019-02-26","美团点评","移动互联网,O2O/上市公司/2000人以上","“大牛云集,前沿科技,弹性工作,核心部门”","/数据挖掘/"
"273","机器学习工程师","深圳·福田区","20k-40k","经验不限/本科","1天前发布","安信证券","金融/上市公司/2000人以上","“金融”","/金融/数据挖掘/"
"274","机器学习平台研发leader","北京·海淀区","40k-60k","经验5-10年/本科","2019-03-15","金山云","移动互联网,数据服务/D轮及以上/500-2000人","“中国前三,七险一金,包三餐”","/算法/架构师/人工智能/"
"275","百度凤巢_机器学习/数据挖掘/自然语言处理工程师","北京·西北旺","15k-30k","经验1-3年/本科","2019-03-14","百度","移动互联网,数据服务/不需要融资/2000人以上","“优良的职业前景，快成长，大空间”","/NLP/算法/"
"276","机器学习/计算机视觉算法 实习生","北京·望京","2k-4k","经验应届毕业生/本科","1天前发布","泽泰征信","企业服务,数据服务/A轮/15-50人","“技术大牛”","/深度学习/"
"277","机器学习算法资深工程师","上海·长宁区","30k-60k","经验5-10年/本科","2019-03-07","虎博科技","移动互联网,金融/A轮/50-150人","“硅谷大牛,股权激励,绩效奖金,极客氛围”","/金融/深度学习/搜索/NLP/"
"278","机器学习","北京·五道口","33K-61K","经验5-10年/本科","2019-03-06","DataHunter","数据服务,企业服务/A轮/50-150人","“五道口,数据可视化,技术大牛,人工智能”","/大数据/算法/数据挖掘/"
"279","机器学习算法高级工程师","深圳·科技园","18k-30k","经验3-5年/本科","2019-03-11","腾讯","移动互联网,游戏/上市公司/2000人以上","“福利好；职业发展空间大”","/移动互联网/游戏/深度学习/"
"280","搜索-机器学习平台研发专家(C++)","上海·长宁区","25k-50k","经验3-5年/本科","1天前发布","拼多多","电子商务,移动互联网/上市公司/2000人以上","“拼多多”","/电商/"
"281","机器学习算法","北京·海淀区","40k-80k","经验3-5年/本科","3天前发布","链家","//","“15薪，健身房”","/"
"282","资深机器学习算法工程师-金融事业部(J13090)","北京·中关村","30k-50k","经验3-5年/硕士","2019-03-11","去哪儿网","移动互联网/不需要融资/2000人以上","“团队一流,核心业务,薪资福利佳,大牛多”","/深度学习/建模/"
"283","机器学习","北京·小营","30k-60k","经验1-3年/本科","2019-02-25","文新博创","移动互联网,教育/未融资/15-50人","“福得待遇”","/人工智能/深度学习/推荐/"
"284","数据挖掘/机器学习工程师","北京·海淀区","35K-60K","经验不限/本科","1天前发布","明略数据","数据服务/C轮/150-500人","“大数据,知识图谱”","/大数据/算法/"
"285","图像算法/数据挖掘/机器学习-P7/P8-高德","北京·朝阳区","25k-50k","经验3-5年/本科","09:59发布","蚂蚁金服集团","金融,移动互联网/B轮/2000人以上","“核心事业群,顶尖团队,学习成长快丰厚股票”","/NLP/"
"286","机器学习平台技术专家","上海·长宁区","25k-50k","经验1-3年/本科","1天前发布","拼多多","电子商务,移动互联网/上市公司/2000人以上","“机器学习,C/C++,多线程”","/分布式/C++/"
"287","机器学习算法高级工程师","上海·长宁区","25k-50k","经验3-5年/本科","2019-03-07","虎博科技","移动互联网,金融/A轮/50-150人","“硅谷大牛,股权激励,绩效奖金,极客氛围”","/NLP/搜索/数据挖掘/"
"288","高级数据挖掘/机器学习工程师","北京·西北旺","20k-40k","经验不限/硕士","2019-03-13","百度","移动互联网,数据服务/不需要融资/2000人以上","“主任架构师直接指导，项目和学术双丰收”","/算法/数据分析/Spark/"
"289","机器学习算法工程师","北京·海淀区","30k-60k","经验3-5年/本科","1天前发布","字节跳动","移动互联网,数据服务/C轮/2000人以上","“六险一金，免费三餐，租房补贴”","/算法/"
"290","数据挖掘/自然语言处理/机器学习/推荐系统","北京·朝阳区","25k-50k","经验3-5年/本科","2019-03-13","爱云校","教育,数据服务/C轮/500-2000人","“期权激励,大牛带,平台发展快,个人成长快”","/NLP/算法/"
"291","机器学习工程师（AI）","重庆·大竹林","20k-40k","经验不限/本科","2019-03-11","重庆易宠科技有限公司","电子商务/B轮/500-2000人","“周末双休,五险一金,平台广,前景好”","/大数据/数据挖掘/"
"292","机器学习架构师","深圳·科技园","25k-40k","经验3-5年/本科","1天前发布","智易科技","数据服务,企业服务/天使轮/15-50人","“股票期权,云计算,人工智能,弹性工作制”","/云计算/大数据/人工智能/算法/"
"293","计算机视觉-机器学习/深度学习专家","杭州·余杭区","25k-50k","经验3-5年/硕士","2019-02-27","Terminai机慧科技","移动互联网,硬件/未融资/少于15人","“期权激励,酷炫产品,人性化管理”","/模式识别/算法/"
"294","机器学习算法工程师","北京·朝阳区","20k-40k","经验3-5年/本科","09:30发布","闲徕互娱","移动互联网/不需要融资/500-2000人","“14薪 六险一金”","/图像处理/"
"295","机器学习（NLP方向）工程师","北京·定福庄","30k-50k","经验不限/硕士","2019-03-12","好大夫在线","医疗健康/D轮及以上/500-2000人","“年底双薪，绩效奖金，带薪年假”","/五险一金/带薪年假/绩效奖金/专项奖金/"
"296","机器学习研发工程师","北京·西二旗","20k-40k","经验3-5年/本科","1天前发布","饿了么星选","移动互联网,O2O/D轮及以上/2000人以上","“技术氛围好，薪资待遇高，弹性工作制”","/大数据/算法/数据挖掘/"
"297","机器学习技术专家","北京·海淀区","25k-35k","经验3-5年/本科","2019-03-11","第四范式","移动互联网/B轮/500-2000人","“人工智能,大牛超多,晋升空间”","/人工智能/算法/建模/"
"298","机器学习工程师","北京·望京","20k-40k","经验不限/本科","1天前发布","陌陌","社交网络/上市公司/500-2000人","“团队氛围好,发展空间大”","/广告营销/算法/数据挖掘/"
"299","机器学习实习生","北京·天通苑","4k-7k","经验不限/硕士","2019-03-13","阿姨多多","移动互联网,生活服务/不需要融资/少于15人","“初创团队,有活力,家的感觉”","/移动互联网/大数据/NLP/深度学习/"
"300","机器学习讲师","北京·方庄","15k-30k","经验3-5年/本科","1天前发布","达内集团","移动互联网,教育/上市公司/2000人以上","“五险一金,商业保险,股票期权”","/金融/人工智能/深度学习/"
"301","百度凤巢_机器学习/数据挖掘高级工程师","北京·西北旺","20k-40k","经验1-3年/本科","2019-03-14","百度","移动互联网,数据服务/不需要融资/2000人以上","“大平台，核心技术”","/算法/推荐/NLP/"
"302","AML机器学习平台开发实习生（可转正）","北京·海淀区","3k-6k","经验不限/本科","1天前发布","字节跳动","移动互联网,数据服务/C轮/2000人以上","“弹性工作，免费三餐，租房补贴，休闲下午茶”","/后端开发/"
"303","机器学习/深度学习算法研究员","北京·东直门","20k-40k","经验不限/不限","1天前发布","TalkingData","移动互联网/C轮/500-2000人","“大数据平台，挑战前沿问题，国际交流机会”","/精英团队/扁平管理/海量数据/弹性工作/"
"304","机器学习实习生","北京·北京大学","3k-4k","经验应届毕业生/硕士","1天前发布","晶泰科技","企业服务,医疗健康/B轮/50-150人","“MIT大牛”","/算法/"
"305","机器学习研发工程师","上海","30k-50k","经验不限/硕士","2019-03-14","倍业科技","移动互联网,广告营销/A轮/15-50人","“工作餐，股权激励，CBD，弹性工作”","/带薪年假/年度旅游/扁平管理/领导好/"
"306","机器学习平台工程师","北京·海淀区","25k-50k","经验3-5年/本科","10:05发布","Yeahmobi","移动互联网/上市公司/150-500人","“弹性上班、福利待遇好、发展空间大”","/数据挖掘/算法/"
"307","机器学习研究员-多模态学习方向","北京·海淀区","30k-50k","经验1-3年/硕士","2019-03-09","快手","移动互联网/D轮及以上/2000人以上","“弹性工作,股票期权,发展空间大,精英团队”","/算法/"
"308","统计与机器学习算法分析师","北京·小西天","6k-10k","经验不限/本科","1天前发布","盛和资讯","移动互联网,企业服务/A轮/15-50人","“弹性工作,午餐补助,扁平管理,岗位晋升”","/建模/"
"309","自然语言处理NLP/机器学习","北京·海淀区","20k-40k","经验应届毕业生/本科","1天前发布","生命奇点","医疗健康,数据服务/A轮/50-150人","“发展空间大,项目前景好,团队氛围好”","/深度学习/算法/"
"310","机器学习平台资深研发工程师/专家","北京·中关村","25k-50k","经验5-10年/硕士","1天前发布","小鹏汽车","移动互联网,硬件/B轮/2000人以上","“发展空间大，年底双薪，午餐补贴”","/人工智能/"
"311","机器学习算法工程师","北京·朝阳区","20k-40k","经验3-5年/本科","2019-03-13","爱云校","教育,数据服务/C轮/500-2000人","“六险一金,试用期全薪,免费晚餐,午餐餐补”","/教育/移动互联网/"
"312","机器学习高级工程师","北京·朝外","12k-24k","经验不限/硕士","2019-03-12","安讯达盛","医疗健康数据服务/未融资/15-50人","“节日福利，高温补贴，绩效奖金，包吃”","/大数据/算法/数据挖掘/深度学习/"
"313","机器学习算法工程师","武汉·东湖新技术开发区","10k-20k","经验1-3年/本科","1天前发布","KUS武汉研发中心","硬件,人工智能/不需要融资/15-50人","“五险一金 发展空间大 带薪年假”","/汽车/人工智能/图像处理/深度学习/"
"314","【5Miles】机器学习研发工程师","北京·望京","15k-30k","经验3-5年/本科","1天前发布","第三石科技","移动互联网,电子商务/B轮/50-150人","“浓厚的技术氛围，良好的发展前景”","/算法/数据挖掘/"
"315","机器学习工程师","北京·中关村","8k-16k","经验1-3年/本科","2019-03-13","鹍骐科技","移动互联网,硬件/未融资/50-150人","“机器学习”","/软件开发/"
"316","推荐算法/机器学习工程师","北京·西二旗","21k-40k","经验3-5年/硕士","2019-03-13","百度","移动互联网,数据服务/不需要融资/2000人以上","“核心部门 大平台 高福利”","/移动互联网/数据挖掘/"
"317","机器学习算法工程师","深圳·南山区","25k-50k","经验3-5年/本科","1天前发布","字节跳动","移动互联网,数据服务/C轮/2000人以上","“弹性工作，免费三餐，租房补贴，休闲下午茶”","/扁平管理/弹性工作/大厨定制三餐/就近租房补贴/"
"318","机器学习建模","北京·海淀区","35k-60k","经验3-5年/硕士","2019-03-11","第四范式","移动互联网/B轮/500-2000人","“人工智能,大牛超多,晋升空间”","/人工智能/"
"319","机器学习算法科学家/工程师 (推荐算法方向)","北京·西北旺","30k-60k","经验1-3年/硕士","11:24发布","Aibee","移动互联网,企业服务/A轮/150-500人","“股权激励,顶尖团队”","/人工智能/深度学习/"
"320","机器学习/大数据工程师","西安·唐延路","10k-18k","经验1-3年/本科","2019-02-25","西安云动数字科技有限公司","移动互联网/天使轮/少于15人","“领导nice/专业成长型/带薪年假”","/数据分析/算法/"
"321","机器学习工程师","北京·清河","20K-30K","经验3-5年/本科","2019-02-20","海致","移动互联网,企业服务/C轮/150-500人","“技术挑战,核心团队”","/大数据/数据挖掘/数据分析/"
"322","智能驾驶-机器学习研究员-北京-02907","北京·五道口","15k-30k","经验3-5年/本科","2天前发布","搜狗","移动互联网,数据服务/上市公司/2000人以上","“弹性工作、技术牛人多、团队氛围好”","/汽车/硬件制造/人工智能/深度学习/算法/"
"323","计算机视觉与机器学习方向博士后","北京·中关村","10k-20k","经验应届毕业生/博士","2019-03-12","中科院计算所","数据服务/不需要融资/50-150人","“环境好、人员层次高、平台好、成长快”","/人工智能/图像处理/算法/"
"324","算法工程师机器学习方向","西安·雁塔区","15k-26k","经验3-5年/本科","10:05发布","Yeahmobi","移动互联网/上市公司/150-500人","“周末双休,弹性上班,福利待遇好”","/人工智能/深度学习/"
"325","机器学习系统工程师","北京·西三旗","15k-30k","经验3-5年/本科","2019-03-15","羿娲科技","硬件,移动互联网/A轮/50-150人","“六险一金,地铁周边,氛围好”","/软件开发/Java/"
"326","深度学习/机器学习兼职网络讲师","北京·中关村","30k-60k","经验3-5年/本科","2019-03-14","菜鸟窝","移动互联网,教育/不需要融资/15-50人","“钱多,自由,不加班,在家干”","/NLP/"
"327","机器学习算法工程师","青岛·市北区","15k-30k","经验不限/硕士","1天前发布","山东海博科技","移动互联网,信息安全/未融资/50-150人","“机器学习,算法,神经网络”","/人工智能/计算机视觉/深度学习/"
"328","机器学习专家","广州·沙河","15k-30k","经验1-3年/本科","2019-03-11","网商","人工智能、金融/不需要融资/50-150人","“五险一金,带薪年假，节日礼物”","/大数据/征信/"
"329","机器学习算法工程师","深圳·新安","50k-100k","经验3-5年/本科","00:36发布","惠蓉","金融、移动互联网/未融资/15-50人","“机器学习算法工程师”","/移动互联网/"
"330","机器学习算法工程师","上海·中山公园","12k-20k","经验1-3年/本科","1天前发布","BaseBit AI 翼方健数","医疗健康/A轮/15-50人","“带薪年/病假，年底奖金，弹性工作”","/医疗健康/大数据/深度学习/图像处理/人工智能/"
"331","数据挖掘与机器学习算法工程师","上海·徐汇区","25k-50k","经验1-3年/本科","1天前发布","字节跳动","移动互联网,数据服务/C轮/2000人以上","“六险一金，租房补贴，扁平管理，过亿用户”","/扁平管理/弹性工作/大厨定制三餐/就近租房补贴/"
"332","机器学习算法科学家/工程师 (用户画像方向) ","北京·西北旺","30k-60k","经验1-3年/硕士","11:24发布","Aibee","移动互联网,企业服务/A轮/150-500人","“股权激励,顶尖团队”","/大数据/数据挖掘/"
"333","算法工程师机器学习方向","苏州·昆山市","20k-30k","经验1-3年/本科","1天前发布","Schnoka","不限/未融资/50-150人","“项目实践机会较多 3D技术为主”","/图像处理/"
"334","机器学习算法工程师","北京·西三旗","25k-35k","经验1-3年/硕士","2019-03-15","小米","移动互联网/D轮及以上/2000人以上","“重点业务,发展空间,团队赞,薪酬领先”","/搜索/推荐/"
"335","机器学习算法工程师","上海·龙华","30k-40k","经验1-3年/硕士","1天前发布","深圳市博海基金管理有限公司","金融/不需要融资/50-150人","“福利待遇好,奖金丰厚”","/""""/"
"336","机器学习工程师","北京·中关村","15k-25k","经验应届毕业生/硕士","2019-03-11","普林科技","数据服务/A轮/50-150人","“发展空间大”","/金融/算法/数据挖掘/"
"337","高级机器学习工程师","上海·浦东新区","30k-60k","经验3-5年/硕士","2019-03-06","远眸软件","企业服务/天使轮/少于15人","“金融科技,解决食宿,期权奖励”","/大数据/金融/数据挖掘/数据分析/"
"338","算法工程师/机器学习专家/自然语言处理专家","上海·陆家嘴","20k-40k","经验1-3年/本科","2019-03-12","蚂蚁金服集团","金融,移动互联网/B轮/2000人以上","“有趣的前沿研发型工作”","/大数据/推荐/NLP/深度学习/"
"339","机器学习算法工程师","北京·海淀区","20k-40k","经验1-3年/硕士","1天前发布","创新奇智","移动互联网/A轮/150-500人","“前景好,有福利”","/人工智能/深度学习/"
"340","机器学习算法工程师","北京·朝阳区","30k-60k","经验1-3年/硕士","1天前发布","新东方","教育/上市公司/2000人以上","“发展前景好”","/人工智能/深度学习/"
"341","机器学习实习生","北京·中关村","3k-5k","经验应届毕业生/本科","2019-03-13","鹍骐科技","移动互联网,硬件/未融资/50-150人","“前沿技术,丰富实践”","/大数据/算法/数据挖掘/"
"342","机器学习算法工程师","南京·宁南","13k-26k","经验3-5年/本科","1天前发布","苏芯物联","其他/A轮/15-50人","“福利待遇好、发展前景好、公司氛围好”","/Java/数据挖掘/"
"343","机器学习工程师","北京·工体","35k-70k","经验不限/硕士","2019-03-14","好大夫在线","医疗健康/D轮及以上/500-2000人","“发展空间大,薪资福利好”","/医疗健康/算法/数据挖掘/数据分析/"
"344","机器学习工程师","厦门·思明区","10k-20k","经验不限/本科","2019-03-06","网宿科技","移动互联网/上市公司/2000人以上","“带薪年假,年终奖,六险一金,导师制”","/算法/"
"345","{实习生} 自然语言处理与机器学习-算法和研究方向","北京·小关","5k-8k","经验不限/硕士","2019-03-15","三角兽科技","移动互联网/B轮/150-500人","“大牛聚集,最佳团队,深度学习,项目丰富”","/NLP/推荐/数据挖掘/人工智能/"
"346","机器学习平台研发工程师-反作弊","北京·海淀区","30k-60k","经验3-5年/本科","1天前发布","字节跳动","移动互联网,数据服务/C轮/2000人以上","“六险一金，弹性工作，免费三餐，租房补贴”","/后端开发/"
"347","机器学习算法研发工程师","北京·西二旗","25k-50k","经验3-5年/硕士","2019-02-25","百度","移动互联网,数据服务/不需要融资/2000人以上","“平台高,免费水果,待遇好”","/广告营销/数据挖掘/"
"348","机器学习算法工程师(J15781)","北京·西直门","20k-40k","经验3-5年/本科","2019-03-11","易鑫集团","企业服务/上市公司/2000人以上","“上市企业，项目稳定，领导优秀，福利优厚”","/数据挖掘/建模/"
"349","机器学习工程师","深圳·科技园","10k-20k","经验3-5年/本科","2019-02-28","ARUP","数据服务,其他/不需要融资/150-500人","“福利完善,工作氛围好,扁平化管理”","/算法/人工智能/"
"350","数据挖掘/机器学习工程师","深圳·西乡","10k-16k","经验1年以下/本科","2019-03-15","超级码力","移动互联网,O2O/天使轮/少于15人","“博士内推,成长空间大,氛围轻松”","/专项奖金/绩效奖金/年终分红/交通补助/"
"351","机器学习算法工程师","北京·朝阳区","15k-25k","经验1-3年/本科","2019-03-15","天脉","数据服务/D轮及以上/500-2000人","“提供早晚餐，五险一金，TV+，互联网+”","/人工智能/"
"352","机器学习算法工程师","杭州·下沙","6k-10k","经验1-3年/本科","2019-03-12","真气环保","移动互联网,其他/未融资/15-50人","“周末双休 不定期团建 节日福利”","/人工智能/图像处理/语音识别/"
"353","机器学习平台工程师","北京·望京","30k-60k","经验3-5年/本科","2019-03-12","音遇","移动互联网,社交网络/B轮/150-500人","“发展快 帅哥靓女多 福利好”","/年底双薪/股票期权/带薪年假/领导好/"
"354","算法工程师机器学习方向","厦门·思明区","15k-25k","经验1-3年/硕士","1天前发布","神州优车集团","移动互联网,电子商务/上市公司/2000人以上","“新零售、汽车电商、大平台、福利靠谱”","/数据挖掘/"
"355","机器学习算法工程师-ESH1018","上海·徐汇区","20k-40k","经验3-5年/本科","2019-03-12","返利网","电子商务/C轮/500-2000人","“五险一金,福利好”","/五险一金/股票期权/专项奖金/带薪年假/"
"356","机器学习工程师-金融事业部","北京·中关村","14k-25k","经验应届毕业生/硕士","2019-03-11","普林科技","数据服务/A轮/50-150人","“平台好，发展空间大”","/大数据/金融/算法/数据挖掘/数据分析/"
"357","人工智能百强企业-机器学习算法工程师","南京·尧化","20k-40k","经验1-3年/博士","1天前发布","赫骥","企业服务/未融资/15-50人","“企业文化自由开放，组织架构扁平，充满活力”","/电商/新零售/深度学习/模式识别/"
"358","机器学习实验室招聘","北京·亚运村","30k-60k","经验1-3年/本科","2019-03-13","京东集团","电子商务,数据服务/上市公司/2000人以上","“成长空间,成长空间”","/物流/数据挖掘/"
"359","机器学习（深度学习）研究员","北京·海淀区","25k-50k","经验3-5年/硕士","2019-03-05","新浪微博","移动互联网/上市公司/2000人以上","“股票 出境游 开放社交TOP1”","/NLP/算法/数据挖掘/"
"360","和而泰 419 Lab 机器学习高级工程师","深圳·科技园","25k-50k","经验3-5年/硕士","09:46发布","和而泰","移动互联网/上市公司/2000人以上","“物联网,人工智能,下午茶,团队氛围”","/深度学习/数据挖掘/人工智能/"
"361","机器学习算法负责人-CVR模型方向","北京·海淀区","36k-70k","经验不限/本科","1天前发布","字节跳动","移动互联网,数据服务/C轮/2000人以上","“弹性工作，免费三餐，租房补贴，休闲下午茶”","/算法/"
"362","大数据机器学习/数据挖掘高级工程师","北京·西北旺","20k-40k","经验3-5年/本科","2019-03-12","百度","移动互联网,数据服务/不需要融资/2000人以上","“待遇好,平台号”","/股票期权/弹性工作/五险一金/免费班车/"
"363","机器学习算法工程师","广州·大学城","13k-25k","经验1-3年/硕士","1天前发布","讯码科技","移动互联网,生活服务/A轮/150-500人","“待遇优,福利全,领导好,环境赞”","/图像处理/人工智能/"
"364","机器学习算法工程师","北京·海淀区","25k-40k","经验3-5年/本科","2019-03-13","天衍融信","移动互联网数据服务/未融资/15-50人","“舒适优雅的工作环境，人性化的管理”","/大数据/模式识别/人工智能/"
"365","机器学习平台架构师","北京·海淀区","35k-50k","经验5-10年/本科","2019-03-15","金山云","移动互联网,数据服务/D轮及以上/500-2000人","“中国前三,七险一金,包三餐”","/人工智能/算法/"
"366","机器学习算法工程师","北京·海淀区","25k-40k","经验3-5年/本科","2019-02-28","竞技世界","移动互联网,游戏/不需要融资/500-2000人","“过节费,年终奖金,年度旅游,健身房”","/人工智能/"
"367","风控数据挖掘及机器学习研发工程师","北京·西北旺","30k-60k","经验3-5年/硕士","2019-02-28","度小满金融","移动互联网,金融/A轮/500-2000人","“弹性工作制”","/大数据/"
"368","【校招】机器学习算法工程师","北京·东城区","12k-20k","经验应届毕业生/本科","10:55发布","Zenjoy","移动互联网,游戏/不需要融资/150-500人","“大牛带飞,午晚餐,六险一金,国外旅行”","/节日礼物/顶配Mac/小而美/扁平管理/"
"369","高级机器学习研发工程师","北京·海淀区","20k-40k","经验1-3年/本科","2019-03-11","青松","移动互联网,企业服务/B轮/15-50人","“高端技术氛围”","/算法/Hadoop/Spark/数据分析/"
"370","机器学习算法工程师","北京·北京大学","50k-60k","经验5-10年/本科","2019-03-05","益泽","移动互联网,汽车/不需要融资/少于15人","“用户运营 数据分析”","/移动互联网/"
"371","机器学习算法工程师","上海·漕宝路","15k-30k","经验1-3年/本科","1天前发布","银橙传媒","移动互联网,数据服务/上市公司/150-500人","“团队强大,免费午餐,全勤奖,年底奖金”","/年底双薪/节日礼物/技能培训/绩效奖金/"
"372","2019校招-机器学习算法工程师(J11731)","北京·海淀区","13k-26k","经验应届毕业生/本科","2019-03-12","作业帮","移动互联网,教育/D轮及以上/2000人以上","“免费三餐、七险一金”","/移动互联网/数据挖掘/"
"373","机器学习算法研究员","北京·上地","30k-60k","经验1-3年/硕士","2019-03-11","第四范式","移动互联网/B轮/500-2000人","“人工智能,大牛超多,晋升空间,各种福利”","/深度学习/"
"374","23048-翻译君机器学习高级工程师（北京）","北京·北京大学","18k-36k","经验3-5年/本科","1天前发布","腾讯","移动互联网,游戏/上市公司/2000人以上","“大平台,新领域,大咖多”","/深度学习/"
"375","AIOps机器学习算法工程师","厦门·思明区","15k-30k","经验不限/硕士","2019-03-13","博睿宏远","移动互联网,数据服务/不需要融资/150-500人","“五险一金,年底双薪,弹性工作,节日福利”","/人工智能/"
"376","AML机器学习平台研发工程师","北京·海淀区","25k-50k","经验3-5年/本科","1天前发布","字节跳动","移动互联网,数据服务/C轮/2000人以上","“六险一金，免费三餐，租房补贴”","/后端开发/"
"377","机器学习算法研发工程师","北京·西二旗","30k-60k","经验5-10年/硕士","2019-02-25","百度","移动互联网,数据服务/不需要融资/2000人以上","“大牛云集,氛围温馨,薪酬多多”","/NLP/语音识别/图像处理/"
"378","人工智能 / 机器学习算法工程师","北京·海淀区","20k-40k","经验1-3年/本科","11:14发布","顺丰同城科技","移动互联网/不需要融资/500-2000人","“互联网背景,工作环境好,七险一金,年轻化团队”","/物流/数据挖掘/"
"379","腾讯广告机器学习平台研究员（研发中心-深圳）","深圳·南油","20k-40k","经验3-5年/硕士","1天前发布","腾讯","移动互联网,游戏/上市公司/2000人以上","“大平台、工作环境好、福利待遇好”","/图像处理/"
"380","机器学习算法工程师-多模态学习方向","北京·海淀区","30k-50k","经验1-3年/硕士","2019-03-09","快手","移动互联网/D轮及以上/2000人以上","“弹性工作,股票期权,发展空间大,精英团队”","/股票期权/弹性工作/定期体检/岗位晋升/"
"381","机器学习研发专家","北京·西北旺","20k-40k","经验3-5年/本科","2019-03-15","用友","企业服务,数据服务/上市公司/2000人以上","“14薪,弹性,福利好,平台好”","/数据挖掘/算法/"
"382","机器学习资深算法工程师/算法专家","北京·西北旺","25k-50k","经验3-5年/硕士","2019-03-12","恒昌利通","金融/不需要融资/2000人以上","“地铁周边,领导好,弹性时间,免费班车”","/NLP/深度学习/"
"383","机器学习平台工程师（实习生）","北京·学院路","6k-8k","经验应届毕业生/本科","2019-03-11","Bigo","移动互联网,社交网络/D轮及以上/500-2000人","“薪酬福利；团队氛围”","/C++/C/"
"384","机器学习算法工程师","北京·海淀区","30k-40k","经验3-5年/本科","2019-03-08","浩腾（湖北）智能科技有限公司","移动互联网数据服务/未融资/少于15人","“晋升快，福利好”","/移动互联网/云计算/图像处理/人工智能/"
"385","机器学习算法工程师1199","上海·徐汇区","20k-40k","经验3-5年/本科","2019-02-22","OPPO","移动互联网/不需要融资/2000人以上","“福利待遇好,氛围佳,管理规范,发展机会多”","/通信/网络设备/C++/Python/"
"386","机器学习平台工程师","北京·望京","30k-60k","经验不限/本科","2019-03-13","音遇","移动互联网,社交网络/B轮/150-500人","“发展空间”","/深度学习/"
"387","机器学习算法工程师（推荐系统方向）","北京·北京大学","6k-7k","经验应届毕业生/硕士","2019-03-12","创新奇智","移动互联网/A轮/150-500人","“大牛聚集，平台大， 免费午餐和下午茶”","/人工智能/"
"388","高级机器学习算法工程师","北京·西三旗","30k-50k","经验3-5年/硕士","2019-03-15","小米","移动互联网/D轮及以上/2000人以上","“战略业务,重点业务,足够空间,薪酬领先”","/人工智能/"
"389","机器学习算法工程师 (C++/Go)","北京·西北旺","20k-40k","经验不限/本科","2019-03-15","新浪网","文化娱乐/上市公司/2000人以上","“福利佳,上级技术牛,脸书技术”","/免费班车/岗位晋升/五险一金/定期体检/"
"390","机器学习资深研发工程师","北京·西北旺","40k-80k","经验5-10年/硕士","2019-02-28","度小满金融","移动互联网,金融/A轮/500-2000人","“弹性工作制”","/大数据/"
"391","机器学习算法工程师","北京·五道口","20k-40k","经验不限/本科","11:39发布","知乎","移动互联网,社交网络/D轮及以上/500-2000人","“24小时健身房 游泳馆 三餐”","/深度学习/搜索/NLP/"
"392","机器学习算法工程师","成都·高新区","15k-30k","经验3-5年/本科","1天前发布","多点Dmall","电子商务,O2O/B轮/500-2000人","“机器学习,算法”","/大数据/数据挖掘/数据分析/"
"393","算法工程师机器学习方向","北京·大兴区","26k-30k","经验3-5年/不限","2019-03-13","博迈科技","数据服务,人工智能/不需要融资/少于15人","“交通便利 弹性工作时间”","/云计算/大数据/MongoDB/Hadoop/数据挖掘/"
"394","蚂蚁金服-机器学习算法专家-北京/杭州","北京·呼家楼","35k-60k","经验3-5年/本科","1天前发布","蚂蚁金服集团","金融,移动互联网/B轮/2000人以上","“战略事业群,顶尖技术,成长空间大高手云集”","/大数据/移动互联网/深度学习/NLP/数据挖掘/"
"395","机器学习算法工程师","重庆·人和","3k-4k","经验应届毕业生/本科","2019-03-14","初灵信息","移动互联网,数据服务/上市公司/500-2000人","“六险一金、年底双薪、餐补、交通补贴”","/午餐补助/年度旅游/带薪年假/年底双薪/"
"396","高级机器学习算法工程师（广告方向）","深圳·蛇口","25k-50k","经验不限/本科","1天前发布","OPPO","移动互联网/不需要融资/2000人以上","“大平台，给力薪酬”","/移动互联网/大数据/语音处理/"
"397","蚂蚁金服-机器学习算法专家","北京·呼家楼","30k-60k","经验应届毕业生/本科","1天前发布","蚂蚁金服-国际事业部","移动互联网,金融/C轮/2000人以上","“战略事业群,顶尖技术,成长空间大高手云集”","/深度学习/数据挖掘/NLP/"
"398","机器学习量化研究实习生","成都·高新区","1k-2k","经验应届毕业生/硕士","1天前发布","微投VTOU","金融,人工智能/不需要融资/15-50人","“对标国际一流对冲积极”","/人工智能/深度学习/建模/"
"399","算法工程师机器学习方向","北京·望京","15k-30k","经验应届毕业生/硕士","2019-03-06","DataVisor","信息安全/C轮/150-500人","“无监督机器学习技术/美国硅谷总部培训机会”","/深度学习/建模/数据挖掘/人工智能/"
"400","机器学习算法工程师","北京·上地","20k-40k","经验不限/本科","2019-02-26","晨利商贸","电子商务/不需要融资/150-500人","“人工智能”","/NLP/图像处理/计算机视觉/"
"401","机器学习算法工程师","广州·海珠区","15k-25k","经验3-5年/本科","2019-02-21","广东联结","移动互联网,O2O/不需要融资/150-500人","“周末双休,五险一金,专业团队,带薪年假”","/大数据/房产服务/后端/"
"402","DSQ-人工智能与机器学习资深工程师","深圳·后海","30k-50k","经验3-5年/硕士","2天前发布","顺丰科技有限公司","移动互联网,电子商务/不需要融资/500-2000人","“重点项目 技术氛围”","/深度学习/算法/数据挖掘/"
"403","推荐／机器学习算法工程师","北京·双井","25k-50k","经验不限/硕士","2019-03-12","淡蓝网Blued","移动互联网,社交网络/D轮及以上/150-500人","“行业独角兽,快速发展,免费午餐,期权激励”","/电商/数据挖掘/"
"404","机器学习算法工程师","上海·徐汇区","20k-40k","经验3-5年/本科","2019-03-12","返利网","电子商务/C轮/500-2000人","“福利待遇”","/五险一金/股票期权/专项奖金/带薪年假/"
"405","机器学习算法工程师","北京·西北旺","20k-40k","经验不限/本科","2019-03-15","新浪网","文化娱乐/上市公司/2000人以上","“业务好，成长快”","/广告营销/数据挖掘/"
"406","蚂蚁金服-机器学习算法专家-杭州/北京","杭州·西溪","35k-60k","经验5-10年/硕士","1天前发布","蚂蚁金服集团","金融,移动互联网/B轮/2000人以上","“战略事业群,顶尖技术,成长空间大高手云集”","/大数据/数据挖掘/NLP/深度学习/"
"407","机器学习算法专家（总监级）","北京·西二旗","30k-60k","经验3-5年/硕士","2019-03-13","梅卡曼德","企业服务,硬件/A轮/50-150人","“丰厚期权，风口行业,大牛团队, 氛围好”","/深度学习/人工智能/图像处理/"
"408","机器学习算法科学家","北京·北京大学","20k-40k","经验1-3年/硕士","1天前发布","晶泰科技","企业服务,医疗健康/B轮/50-150人","“谷歌投资,MIT大牛,待遇丰厚,发展空间大”","/人工智能/深度学习/"
"409","机器学习算法工程师","上海·徐汇区","20k-40k","经验3-5年/本科","2019-03-14","颐保","移动互联网,医疗健康/天使轮/15-50人","“交通便利,有职业发展”","/医疗健康/大数据/数据挖掘/"
"410","机器学习算法总监","北京·海淀区","50k-80k","经验5-10年/硕士","2019-03-13","创新奇智","移动互联网/A轮/150-500人","“顶尖大牛,免费午餐,商业资源多,不打卡”","/深度学习/"
"411","机器学习平台工程师/专家","北京·海淀区","25k-50k","经验3-5年/本科","3天前发布","转转","移动互联网,生活服务/A轮/500-2000人","“六险一金,弹性工作,成长空间大,薪酬高”","/电商/数据分析/"
"412","机器学习平台研发专家","北京·北苑","30k-60k","经验3-5年/本科","2019-03-15","人人车","O2O/D轮及以上/2000人以上","“团队氛围好”","/Java/数据架构/"
"413","机器学习研发总监","北京·望京","30k-50k","经验5-10年/本科","2019-03-13","云智物联网","移动互联网、数据服务/上市公司/50-150人","“五险一金，弹性工作，股权激励”","/移动互联网/"
"414","机器学习算法工程师","上海·五角场","25k-50k","经验3-5年/本科","2019-02-26","栈途商贸","移动互联网,电子商务/不需要融资/500-2000人","“团队综合素质高，技术前沿”","/Hadoop/Spark/Hive/NLP/"
"415","无人车机器学习算法工程师","北京·中关村","20k-35k","经验1-3年/硕士","1天前发布","领骏科技","移动互联网,硬件/天使轮/15-50人","“五险一金,免费午餐,定期体检,节假日福利”","/人工智能/"
"416","数据挖掘&机器学习算法资深工程师/技术专家","北京·双井","30k-60k","经验3-5年/本科","1天前发布","阿里文娱","文化娱乐,移动互联网/上市公司/2000人以上","“阿里平台”","/年底双薪/股票期权/绩效奖金/定期体检/"
"417","机器学习算法专家","深圳·科技园","45k-75k","经验5-10年/本科","1天前发布","国泰电器有限公司","移动互联网,电子商务/未融资/2000人以上","“弹性工作制，病假事假带薪，工资加奖金。”","/移动互联网/电商/"
"418","视觉机器学习架构师","北京·知春路","35k-70k","经验5-10年/本科","2019-03-12","Bigo","移动互联网,社交网络/D轮及以上/500-2000人","“钱多 大牛多 惊喜福利多”","/视频/社交/"
"419","机器学习高级算法工程师","杭州·西溪","18k-35k","经验1-3年/本科","2019-03-11","金科文化","移动互联网/上市公司/150-500人","“上市系；福利多多；办公环境佳”","/企业服务/深度学习/人工智能/"
"420","高级机器学习算法工程师","深圳·后海","20k-35k","经验3-5年/本科","1天前发布","OPPO","移动互联网/不需要融资/2000人以上","“亿级用户 给力薪酬 高速发展”","/广告营销/大数据/数据挖掘/"
"421","UC事业部-机器学习算法专家","杭州·西湖区","15k-30k","经验3-5年/本科","2019-03-14","阿里文娱","文化娱乐,移动互联网/上市公司/2000人以上","“平台宽广”","/人工智能/深度学习/图像处理/"
"422","机器学习算法工程师（集团）","广州·太和","15k-25k","经验1-3年/本科","2019-03-13","白云电气","企业服务/不需要融资/2000人以上","“大数据平台”","/带薪年假/五险一金/落户广州/免费班车/"
"423","机器学习算法工程师（深圳/北京）","深圳·新安","50k-60k","经验应届毕业生/本科","2019-03-13","金地","移动互联网,其他/上市公司/2000人以上","“团队背景优秀，薪资福利待遇好”","/建模/搜索/"
"424","机器学习算法工程师","北京·学院路","16k-32k","经验应届毕业生/硕士","10:59发布","考拉阅读","教育,移动互联网/B轮/150-500人","“扁平管理,弹性工作,期权激励”","/大数据/数据挖掘/"
"425","机器学习算法高级工程师","北京·海淀区","30k-50k","经验1-3年/硕士","2019-03-11","创新奇智","移动互联网/A轮/150-500人","“顶尖大牛,成长机会,商业资源多,环境棒”","/绩效奖金/带薪年假/通讯津贴/年终分红/"
"426","机器学习算法工程师","杭州·西兴","8k-15k","经验1-3年/本科","2019-03-08","迪普科技","信息安全/不需要融资/500-2000人","“五险一金,定期体检,节假日福利,定期体检”","/数据挖掘/"
"427","机器学习平台工程师","北京·望京","25k-50k","经验1-3年/本科","2019-03-12","音遇","移动互联网,社交网络/B轮/150-500人","“晋升空间较大”","/年底双薪/股票期权/带薪年假/领导好/"
"428","高级机器学习算法工程师","北京·甜水园","20k-40k","经验3-5年/本科","1天前发布","OPPO","移动互联网/不需要融资/2000人以上","“亿级用户,高速发展,组织氛围好,给力薪酬”","/大数据/人工智能/"
"429","机器学习平台技术专家-P7-平台数据技术事业群","杭州·西湖区","25k-50k","经验3-5年/本科","1天前发布","蚂蚁金服集团","金融,移动互联网/B轮/2000人以上","“核心业务,顶尖团队,学习成长快,大牛云集”","/大数据/搜索/推荐/"
"430","机器学习平台工程师（实习生）","广州·市桥","6k-8k","经验应届毕业生/本科","2019-03-11","Bigo","移动互联网,社交网络/D轮及以上/500-2000人","“薪酬福利；团队氛围”","/C/C++/"
"431","机器学习算法工程师（3D检测）","深圳·深圳湾","30k-40k","经验不限/硕士","2019-03-13","DJI大疆创新","移动互联网,硬件/未融资/2000人以上","“绩效奖金 福利好 晋升空间”","/人工智能/深度学习/计算机视觉/"
"432","算法工程师—机器学习方向","北京·中关村","15k-30k","经验不限/本科","11:42发布","百融金服","金融,数据服务/C轮/500-2000人","“五险一金,商业保险,弹性工作,领导是大牛”","/金融/数据挖掘/"
"433","深度学习/机器学习算法工程师","深圳·南山区","15k-30k","经验不限/本科","1天前发布","宜远智能","医疗健康,数据服务/天使轮/15-50人","“发展空间大,专业指导,期权激励,福利丰厚”","/大数据/医疗健康/人工智能/计算机视觉/图像处理/"
"434","机器学习算法工程师","北京·西二旗","20k-40k","经验1-3年/硕士","2019-03-13","梅卡曼德","企业服务,硬件/A轮/50-150人","“风口行业,大牛团队,待遇佳,氛围好”","/人工智能/计算机视觉/模式识别/"
"435","机器学习算法工程师","苏州·越溪","15k-20k","经验1年以下/本科","2019-02-26","科沃斯机器人科技","电子商务/上市公司/2000人以上","“福利好,大公司,技术强,氛围棒”","/图像处理/深度学习/"
"436","阿里文娱-机器学习算法专家","杭州·北山","15k-30k","经验1年以下/本科","2019-03-12","阿里文娱","文化娱乐,移动互联网/上市公司/2000人以上","“大平台”","/深度学习/人工智能/"
"437","机器学习算法工程师","苏州·越溪","15k-20k","经验1年以下/本科","2019-02-26","科沃斯机器人科技","电子商务/上市公司/2000人以上","“福利好,大公司,技术强,氛围棒”","/图像处理/深度学习/"
"438","机器学习算法工程师 实习生","北京·朝阳区","3k-5k","经验不限/硕士","2019-03-15","天脉","数据服务/D轮及以上/500-2000人","“提供早晚餐，五险一金，TV+，互联网+”","/人工智能/深度学习/"
"439","机器学习算法工程师","深圳·南油","30k-60k","经验5-10年/硕士","2019-03-11","深圳市丰巢科技有限公司","移动互联网,O2O/A轮/500-2000人","“机器学习,数据,模型”","/广告营销/物流/数据挖掘/数据分析/"
"440","机器学习算法工程师","北京·四惠","18k-30k","经验不限/本科","2019-03-14","秘塔科技","数据服务/天使轮/15-50人","“高端技术,机器学习,算法”","/人工智能/"
"441","深度机器学习工程师","重庆·两路口","8k-12k","经验1-3年/本科","11:20发布","白狮创新","数据服务,信息安全/天使轮/少于15人","“五险一金,人机验证,能力提升,期权机会”","/人工智能/深度学习/图像处理/"
"442","机器学习算法工程师","北京·和平里","20k-30k","经验3-5年/本科","2019-03-11","华惠金服","金融,移动互联网/不需要融资/50-150人","“五险一金,餐补,领导好,技术氛围浓”","/NLP/数据挖掘/"
"443","机器学习算法实习生","杭州·仓前","4k-6k","经验应届毕业生/本科","2019-03-15","杭州默安科技有限公司","信息安全/A轮/150-500人","“大牛多,安全算法,全员持股,前景好”","/人工智能/深度学习/NLP/"
"444","AML机器学习平台研发工程师","北京·双榆树","25k-50k","经验不限/本科","2019-02-27","字节跳动","移动互联网,数据服务/C轮/2000人以上","“六险一金 免费三餐 下午茶”","/C++/Python/"
"445","机器学习实验设计实习生","成都·高新区","3k-4k","经验应届毕业生/不限","2019-03-07","实验楼","教育,数据服务/A轮/15-50人","“免费零食,桌上足球,学习资源”","/Python/"
"446","机器学习模型算法工程师","深圳·岗厦","11k-16k","经验1-3年/大专","1天前发布","华策","移动互联网/未融资/50-150人","“五险一金,周末双休,年终奖,年度旅游”","/建模/数据挖掘/"
"447","机器学习算法leader（北京）","北京·酒仙桥","40k-60k","经验3-5年/本科","2019-02-27","AKULAKU","移动互联网,金融/D轮及以上/500-2000人","“国际化团队,团队负责人,年终丰厚,平台大”","/深度学习/建模/"
"448","高级机器学习算法工程师","重庆·谢家湾","30k-60k","经验不限/硕士","2019-02-22","止于至善文化","文化娱乐/不需要融资/15-50人","“职业发展前景好、团队大牛多”","/深度学习/人工智能/"
"449","机器学习算法实习生","北京·五道口","6k-12k","经验应届毕业生/本科","10:55发布","RealAI","人工智能/天使轮/15-50人","“清华团队,大牛导师,内部培训”","/人工智能/"
"450","电竞方向机器学习","上海·南码头","20k-40k","经验1-3年/本科","2019-03-13","析乐数据","数据服务,游戏/A轮/15-50人","“餐补车补,绩效奖金,电竞相关,福利优沃”","/游戏/支付/算法/数据挖掘/数据分析/"
